Epithelial sample ID,Study ID,Haematological sample ID,Study ID,Neurological sample ID,Study ID,Sarcoma Sample ID,Study ID,Matched Normal sample ID,Study ID
TCGA-D8-A1JP-01A,BRCA,TARGET-20-PAXKTZ-09A,AML,TCGA-RY-A83X-01A,LGG,TCGA-WK-A8XT-01A,TCGA_SARC,TCGA-FL-A1YF-11A,TCGA-UCEC
TCGA-A2-A0ET-01A,BRCA,TARGET-20-PAWPCN-09A,AML,TCGA-RY-A843-01A,LGG,TCGA-SI-A71Q-01A,TCGA_SARC,TCGA-FL-A1YG-11A,TCGA-UCEC
TCGA-A7-A13F-01A,BRCA,TARGET-20-PAVNKI-09A,AML,TCGA-P5-A72W-01A,LGG,TCGA-DX-A3U8-01A,TCGA_SARC,TCGA-FL-A1YH-11A,TCGA-UCEC
TCGA-A7-A6VX-01A,BRCA,TARGET-20-PAWNGI-09A,AML,TCGA-TQ-A7RU-01A,LGG,TCGA-DX-A8BO-01A,TCGA_SARC,TCGA-FL-A1YI-11A,TCGA-UCEC
TCGA-AO-A03O-01A,BRCA,TARGET-20-PANIGD-09A,AML,TCGA-QH-A65S-01A,LGG,TCGA-DX-A23T-01A,TCGA_SARC,TCGA-FL-A1YL-11A,TCGA-UCEC
TCGA-D8-A147-01A,BRCA,TARGET-20-PAXJWS-09A,AML,TCGA-HT-7483-01A,LGG,TCGA-3B-A9HZ-01A,TCGA_SARC,TCGA-FL-A1YM-11A,TCGA-UCEC
TCGA-AO-A0J6-01A,BRCA,TARGET-20-PATEYS-09A,AML,TCGA-TM-A84S-01A,LGG,TCGA-DX-A48O-01A,TCGA_SARC,TCGA-FL-A1YN-11A,TCGA-UCEC
TCGA-AR-A1AI-01A,BRCA,TARGET-20-PAXHZL-09A,AML,TCGA-S9-A7R3-01A,LGG,TCGA-K1-A42W-01A,TCGA_SARC,TCGA-FL-A1YQ-11A,TCGA-UCEC
TCGA-E2-A10B-01A,BRCA,TARGET-20-PARZHI-09A,AML,TCGA-HT-7478-01A,LGG,TCGA-MJ-A68H-01A,TCGA_SARC,TCGA-FL-A1YT-11A,TCGA-UCEC
TCGA-E9-A1RF-01A,BRCA,TARGET-20-PAWLKP-09A,AML,TCGA-HT-7857-01A,LGG,TCGA-WK-A8XQ-01A,TCGA_SARC,TCGA-FL-A1YU-11A,TCGA-UCEC
TCGA-E2-A1IE-01A,BRCA,TARGET-20-PAUUSX-09A,AML,TCGA-TQ-A7RS-01A,LGG,TCGA-VT-AB3D-01A,TCGA_SARC,TCGA-FL-A3WE-11A,TCGA-UCEC
TCGA-E9-A1RB-01A,BRCA,TARGET-20-PAUUHV-09A,AML,TCGA-HT-7472-01A,LGG,TCGA-DX-A6YR-01A,TCGA_SARC,TCGA-AJ-A3NH-11A,TCGA-UCEC
TCGA-OL-A5RX-01A,BRCA,TARGET-20-PAVHWK-09A,AML,TCGA-VW-A8FI-01A,LGG,TCGA-K1-A6RT-01A,TCGA_SARC,TCGA-BG-A3PP-11A,TCGA-UCEC
TCGA-AO-A0JI-01A,BRCA,TARGET-20-PAWIUT-09A,AML,TCGA-HT-7482-01A,LGG,TCGA-QC-A6FX-01A,TCGA_SARC,TCGA-DI-A2QU-11A,TCGA-UCEC
TCGA-AN-A0XU-01A,BRCA,TARGET-20-PAXJNP-09A,AML,TCGA-HT-7695-01A,LGG,TCGA-DX-A6YZ-01A,TCGA_SARC,TCGA-DI-A2QY-11A,TCGA-UCEC
TCGA-BH-A42U-01A,BRCA,TARGET-20-PAPVGE-09A,AML,TCGA-QH-A65R-01A,LGG,TCGA-LI-A67I-01A,TCGA_SARC,TCGA-AJ-A2QL-11A,TCGA-UCEC
TCGA-A8-A09A-01A,BRCA,TARGET-20-PAVLWY-09A,AML,TCGA-HT-7476-01A,LGG,TCGA-HB-A3YV-01A,TCGA_SARC,TCGA-AJ-A3NC-11A,TCGA-UCEC
TCGA-E2-A159-01A,BRCA,TARGET-20-PAPZYS-09A,AML,TCGA-TM-A7CA-01A,LGG,TCGA-IE-A4EK-01A,TCGA_SARC,TCGA-AJ-A3NE-11A,TCGA-UCEC
TCGA-E2-A1AZ-01A,BRCA,TARGET-20-PAUUYJ-09A,AML,TCGA-HT-7854-01A,LGG,TCGA-DX-A23Y-01A,TCGA_SARC,TCGA-AX-A05Y-11A,TCGA-UCEC
TCGA-AO-A03U-01B,BRCA,TARGET-20-PARFGK-09A,AML,TCGA-S9-A7R4-01A,LGG,TCGA-IE-A4EH-01A,TCGA_SARC,TCGA-AX-A0IZ-11A,TCGA-UCEC
TCGA-AR-A24X-01A,BRCA,TARGET-20-PAWUEX-09A,AML,TCGA-TQ-A7RR-01A,LGG,TCGA-QQ-A5VB-01A,TCGA_SARC,TCGA-AX-A0J0-11A,TCGA-UCEC
TCGA-GM-A5PV-01A,BRCA,TARGET-20-PAWAMB-09A,AML,TCGA-DU-7008-01A,LGG,TCGA-DX-A3LU-01A,TCGA_SARC,TCGA-AX-A1CF-11A,TCGA-UCEC
TCGA-LL-A5YM-01A,BRCA,TARGET-20-PAUYWJ-09A,AML,TCGA-HW-8322-01A,LGG,TCGA-IE-A6BZ-01A,TCGA_SARC,TCGA-AX-A1CI-11A,TCGA-UCEC
TCGA-LL-A73Z-01A,BRCA,TARGET-20-PANKNB-09A,AML,TCGA-CS-4944-01A,LGG,TCGA-DX-AB2S-01A,TCGA_SARC,TCGA-AX-A1CK-11A,TCGA-UCEC
TCGA-D8-A1X8-01A,BRCA,TARGET-20-PAWFMF-09A,AML,TCGA-TQ-A7RG-01A,LGG,TCGA-DX-A6YS-01A,TCGA_SARC,TCGA-AX-A2H8-11A,TCGA-UCEC
TCGA-EW-A1P0-01A,BRCA,TARGET-20-PANRWM-09A,AML,TCGA-TM-A84M-01A,LGG,TCGA-X6-A7WA-01A,TCGA_SARC,TCGA-AX-A2HA-11A,TCGA-UCEC
TCGA-E9-A1NI-01A,BRCA,TARGET-20-PAVBMM-09A,AML,TCGA-DH-5142-01A,LGG,TCGA-3B-A9HI-01A,TCGA_SARC,TCGA-AX-A2HC-11A,TCGA-UCEC
TCGA-EW-A1PE-01A,BRCA,TARGET-20-PAWLGJ-09A,AML,TCGA-HT-7605-01A,LGG,TCGA-DX-A2J0-01A,TCGA_SARC,TCGA-AX-A2HD-11A,TCGA-UCEC
TCGA-D8-A1X7-01A,BRCA,TARGET-20-PAWRSI-09A,AML,TCGA-P5-A5EW-01A,LGG,TCGA-WK-A8Y0-01A,TCGA_SARC,TCGA-BG-A2AD-11A,TCGA-UCEC
TCGA-AN-A0FY-01A,BRCA,TARGET-20-PATBIP-09A,AML,TCGA-E1-5322-01A,LGG,TCGA-DX-AB2Z-01A,TCGA_SARC,TCGA-BG-A3EW-11A,TCGA-UCEC
TCGA-E9-A1NG-01A,BRCA,TARGET-20-PASVYA-09A,AML,TCGA-HW-7489-01A,LGG,TCGA-DX-AB30-01A,TCGA_SARC,TCGA-BK-A0CB-11A,TCGA-UCEC
TCGA-D8-A1JL-01A,BRCA,TARGET-20-PAWDTR-09A,AML,TCGA-TQ-A7RV-02A,LGG,TCGA-DX-A3UB-01A,TCGA_SARC,TCGA-BK-A4ZD-11A,TCGA-UCEC
TCGA-A7-A4SD-01A,BRCA,TARGET-20-PARAEG-09A,AML,TCGA-DU-6399-01A,LGG,TCGA-DX-AB2L-01A,TCGA_SARC,TCGA-E6-A1M0-11A,TCGA-UCEC
TCGA-A2-A0CY-01A,BRCA,TARGET-20-PAUXYG-09A,AML,TCGA-HT-7471-01A,LGG,TCGA-DX-A3U7-01A,TCGA_SARC,GSM1103159,GSE45363
TCGA-BH-A0DT-01A,BRCA,TARGET-20-PATMIK-09A,AML,TCGA-HT-7610-01A,LGG,TCGA-3B-A9I0-01A,TCGA_SARC,GSM1103160,GSE45363
TCGA-E9-A1NH-01A,BRCA,TARGET-20-PAVDNF-09A,AML,TCGA-E1-5303-01A,LGG,TCGA-WP-A9GB-01A,TCGA_SARC,GSM1103161,GSE45363
TCGA-AO-A0J7-01A,BRCA,TARGET-20-PAVACZ-09A,AML,TCGA-HW-7486-01A,LGG,TCGA-DX-AB3B-01A,TCGA_SARC,GSM1103162,GSE45363
TCGA-AR-A1AH-01A,BRCA,TARGET-20-PAWNSL-09A,AML,TCGA-P5-A72U-01A,LGG,TCGA-DX-A6YQ-01A,TCGA_SARC,GSM1103163,GSE45363
TCGA-E9-A1R0-01A,BRCA,TARGET-20-PASFNP-09A,AML,TCGA-P5-A730-01A,LGG,TCGA-DX-A3LS-01A,TCGA_SARC,GSM1103164,GSE45363
TCGA-D8-A27P-01A,BRCA,TARGET-20-PAVPJM-09A,AML,TCGA-VM-A8CH-01A,LGG,TCGA-DX-A1KY-01A,TCGA_SARC,GSM1103165,GSE45363
TCGA-AO-A0JL-01A,BRCA,TARGET-20-PARAUM-09A,AML,TCGA-VV-A86M-01A,LGG,TCGA-Z4-AAPF-01A,TCGA_SARC,GSM1103166,GSE45363
TCGA-BH-A18L-01A,BRCA,TARGET-20-PARJRG-09A,AML,TCGA-E1-A7YI-01A,LGG,TCGA-DX-A8BN-01A,TCGA_SARC,GSM1103167,GSE45363
TCGA-AC-A6IW-01A,BRCA,TARGET-20-PAWIVB-09A,AML,TCGA-HT-8011-01A,LGG,TCGA-3B-A9HU-01A,TCGA_SARC,GSM625462,GSE25470
TCGA-AN-A0FF-01A,BRCA,TARGET-20-PAVTDW-09A,AML,TCGA-FG-A710-01A,LGG,TCGA-QQ-A5V9-01A,TCGA_SARC,GSM625463,GSE25470
TCGA-B6-A402-01A,BRCA,TARGET-20-PAWXCM-09A,AML,TCGA-DB-A4XD-01A,LGG,TCGA-DX-A6Z0-01A,TCGA_SARC,GSM625464,GSE25470
TCGA-BH-A0C1-01B,BRCA,TARGET-20-PAUIPM-09A,AML,TCGA-DU-A6S6-01A,LGG,TCGA-MB-A5Y9-01A,TCGA_SARC,GSM625465,GSE25470
TCGA-A8-A084-01A,BRCA,TARGET-20-PAWERN-09A,AML,TCGA-DU-6393-01A,LGG,TCGA-FX-A2QS-01A,TCGA_SARC,GSM625467,GSE25470
TCGA-E9-A1R6-01A,BRCA,TARGET-20-PAWVNP-09A,AML,TCGA-DU-7294-01A,LGG,TCGA-FX-A3RE-01A,TCGA_SARC,GSM625468,GSE25470
TCGA-A2-A04P-01A,BRCA,TARGET-20-PARTVG-09A,AML,TCGA-DU-A6S3-01A,LGG,TCGA-DX-AB2O-01A,TCGA_SARC,GSM625472,GSE25470
TCGA-AR-A1AX-01A,BRCA,TARGET-20-PAKLPD-09A,AML,TCGA-DU-6410-01A,LGG,TCGA-SG-A849-01A,TCGA_SARC,GSM625475,GSE25470
TCGA-EW-A1OY-01A,BRCA,TARGET-20-PAVMBH-09A,AML,TCGA-DU-7019-01A,LGG,TCGA-DX-A48P-01A,TCGA_SARC,GSM625476,GSE25470
TCGA-GM-A2DL-01A,BRCA,TARGET-20-PASSHZ-09A,AML,TCGA-HT-7880-01A,LGG,TCGA-DX-A8BH-01A,TCGA_SARC,GSM625477,GSE25470
TCGA-A2-A0YG-01A,BRCA,TARGET-20-PAWGSX-09A,AML,TCGA-HT-7873-01B,LGG,TCGA-DX-A1KW-01A,TCGA_SARC,GSM625478,GSE25470
TCGA-PL-A8LY-01A,BRCA,TARGET-20-PAXEPC-09A,AML,TCGA-DU-A7TC-01A,LGG,TCGA-DX-AB2J-01A,TCGA_SARC,GSM625481,GSE25470
TCGA-AR-A2LE-01A,BRCA,TARGET-20-PAVZCR-09A,AML,TCGA-FG-5964-01A,LGG,TCGA-QQ-A8VF-01A,TCGA_SARC,GSM625490,GSE25470
TCGA-AO-A03T-01A,BRCA,TARGET-20-PANUTB-09A,AML,TCGA-HT-7688-01A,LGG,TCGA-DX-AB35-01A,TCGA_SARC,GSM625491,GSE25470
TCGA-A2-A0T3-01A,BRCA,TARGET-20-PAVSEJ-09A,AML,TCGA-HT-8108-01A,LGG,TCGA-X6-A8C6-01A,TCGA_SARC,GSM625493,GSE25470
TCGA-A2-A0T5-01A,BRCA,TARGET-20-PAWFIZ-09A,AML,TCGA-DH-A669-01A,LGG,TCGA-DX-AB2H-01A,TCGA_SARC,GSM625494,GSE25470
TCGA-A2-A0YI-01A,BRCA,TARGET-20-PAWZIX-09A,AML,TCGA-DU-6407-01A,LGG,TCGA-DX-AB2F-01A,TCGA_SARC,GSM625495,GSE25470
TCGA-BH-A1FJ-01A,BRCA,TARGET-20-PASHHH-09A,AML,TCGA-FG-7638-01B,LGG,TCGA-DX-AB2T-01A,TCGA_SARC,GSM625496,GSE25470
TCGA-A2-A1FW-01A,BRCA,TARGET-21-PASFJJ-09A,AML,TCGA-DB-A64S-01A,LGG,TCGA-DX-A3UD-01A,TCGA_SARC,GSM625497,GSE25470
TCGA-E2-A15D-01A,BRCA,TARGET-20-PAXHDA-09A,AML,TCGA-S9-A6TU-01A,LGG,TCGA-KD-A5QS-01A,TCGA_SARC,GSM625498,GSE25470
TCGA-B6-A0IQ-01A,BRCA,TARGET-20-PANXWX-09A,AML,TCGA-DB-A4X9-01A,LGG,TCGA-VT-A80J-01A,TCGA_SARC,GSM625499,GSE25470
TCGA-BH-A0GZ-01A,BRCA,TARGET-20-PAWZIG-09A,AML,TCGA-TQ-A7RV-01A,LGG,TCGA-DX-A3U9-01A,TCGA_SARC,GSM625500,GSE25470
TCGA-BH-A1EW-01A,BRCA,TARGET-20-PAUSBP-09A,AML,TCGA-E1-A7YW-01A,LGG,TCGA-3B-A9HO-01A,TCGA_SARC,GSM625502,GSE25470
TCGA-A8-A09T-01A,BRCA,TARGET-20-PAVHFP-09A,AML,TCGA-RY-A840-01A,LGG,TCGA-Z4-A9VC-01A,TCGA_SARC,GSM625505,GSE25470
TCGA-A7-A0CG-01A,BRCA,TARGET-20-PAVWUU-09A,AML,TCGA-FG-6692-01A,LGG,TCGA-DX-A23V-01A,TCGA_SARC,GSM625513,GSE25470
TCGA-BH-A0BS-01A,BRCA,TARGET-20-PAWUKE-09A,AML,TCGA-DB-A75K-01A,LGG,TCGA-DX-AB2X-01A,TCGA_SARC,GSM625516,GSE25470
TCGA-A8-A08B-01A,BRCA,TARGET-20-PARZYF-09A,AML,TCGA-FG-A60L-01A,LGG,TCGA-3B-A9HP-01A,TCGA_SARC,GSM2254846,GSE84971
TCGA-BH-A0HB-01A,BRCA,TARGET-20-PARLSW-09A,AML,TCGA-E1-A7YQ-01A,LGG,TCGA-DX-A6B8-01A,TCGA_SARC,GSM2254847,GSE84971
TCGA-A2-A1FX-01A,BRCA,TARGET-20-PATJNI-09A,AML,TCGA-DU-7302-01A,LGG,TCGA-HB-A5W3-01A,TCGA_SARC,GSM2254848,GSE84971
TCGA-BH-A0B9-01A,BRCA,TARGET-20-PAWWYV-09A,AML,TCGA-TQ-A7RH-01A,LGG,TCGA-3B-A9HX-01A,TCGA_SARC,GSM459971,GSE18470
TCGA-BH-A203-01A,BRCA,TARGET-20-PAWNIK-09A,AML,TCGA-QH-A6CU-01A,LGG,TCGA-X6-A7WD-01A,TCGA_SARC,GSM459972,GSE18470
TCGA-BH-A0E6-01A,BRCA,TARGET-20-PAWEFT-09A,AML,TCGA-DU-A76R-01A,LGG,TCGA-DX-A7EU-01A,TCGA_SARC,GSM459973,GSE18470
TCGA-D8-A1JC-01A,BRCA,TARGET-20-PAEFGR-09A,AML,TCGA-DH-A669-02A,LGG,TCGA-PC-A5DN-01A,TCGA_SARC,GSM459974,GSE18470
TCGA-E2-A158-01A,BRCA,TARGET-20-PAWUEW-09A,AML,TCGA-DH-A7US-01A,LGG,TCGA-3B-A9HY-01A,TCGA_SARC,GSM459975,GSE18470
TCGA-E2-A1B4-01A,BRCA,TARGET-20-PAWPDC-09A,AML,TCGA-E1-A7YY-01A,LGG,TCGA-JV-A75J-01A,TCGA_SARC,GSM4851765,GSE159959
TCGA-D8-A1Y0-01A,BRCA,TARGET-20-PAWVUX-09A,AML,TCGA-DB-A64Q-01A,LGG,TCGA-DX-AATS-01A,TCGA_SARC,GSM4851767,GSE159959
TCGA-AC-A5XS-01A,BRCA,TARGET-20-PAXACP-09A,AML,TCGA-TM-A7C5-01A,LGG,TCGA-X6-A8C3-01A,TCGA_SARC,GSM4851769,GSE159959
TCGA-BH-A6R8-01A,BRCA,TARGET-20-PASXNT-09A,AML,TCGA-S9-A6U6-01A,LGG,TCGA-QQ-A5VD-01A,TCGA_SARC,GSM4851771,GSE159959
TCGA-E2-A1IO-01A,BRCA,TARGET-20-PAVKEM-09A,AML,TCGA-DB-A75P-01A,LGG,TCGA-X6-A7WC-01A,TCGA_SARC,GSM4851773,GSE159959
TCGA-E2-A14T-01A,BRCA,TARGET-20-PAUUTI-09A,AML,TCGA-HT-8111-01A,LGG,TCGA-WK-A8XX-01A,TCGA_SARC,GSM4851775,GSE159959
TCGA-BH-A1FH-01A,BRCA,TARGET-20-PARZGM-09A,AML,TCGA-E1-A7Z4-01A,LGG,TCGA-DX-A3LY-01B,TCGA_SARC,,
TCGA-LL-A440-01A,BRCA,TARGET-20-PARANT-09A,AML,TCGA-DH-A7UU-01A,LGG,TCGA-DX-A8BS-01A,TCGA_SARC,,
TCGA-AN-A0XR-01A,BRCA,TARGET-20-PANNJI-09A,AML,TCGA-S9-A6WN-01A,LGG,TCGA-FX-A76Y-01A,TCGA_SARC,,
TCGA-AO-A12A-01A,BRCA,TARGET-20-PAUWNT-09A,AML,TCGA-E1-5305-01A,LGG,TCGA-DX-A23R-01A,TCGA_SARC,,
TCGA-A2-A0YK-01A,BRCA,TARGET-20-PAUWCF-09A,AML,TCGA-HW-7491-01A,LGG,TCGA-DX-A48U-01A,TCGA_SARC,,
TCGA-A2-A1G0-01A,BRCA,TARGET-20-PAVZIF-09A,AML,TCGA-HT-8110-01A,LGG,TCGA-DX-A8BJ-01A,TCGA_SARC,,
TCGA-E2-A1LI-01A,BRCA,TARGET-20-PAWGCN-09A,AML,TCGA-HT-7479-01A,LGG,TCGA-WK-A8XO-01A,TCGA_SARC,,
TCGA-AN-A0FN-01A,BRCA,TARGET-20-PAWIZG-09A,AML,TCGA-QH-A65V-01A,LGG,TCGA-DX-A3U6-01A,TCGA_SARC,,
TCGA-E9-A1RG-01A,BRCA,TARGET-20-PATMDJ-09A,AML,TCGA-FG-7636-01A,LGG,TCGA-N1-A6IA-01A,TCGA_SARC,,
TCGA-AN-A0XP-01A,BRCA,TARGET-20-PAVBYN-09A,AML,TCGA-TM-A84J-01A,LGG,TCGA-X9-A973-01A,TCGA_SARC,,
TCGA-E2-A15E-01A,BRCA,TARGET-20-PAXCZX-09A,AML,TCGA-DH-A7UR-01A,LGG,TCGA-WK-A8XS-01A,TCGA_SARC,,
TCGA-A8-A093-01A,BRCA,TARGET-20-PANGTF-09A,AML,TCGA-FG-7643-01A,LGG,TCGA-3B-A9HV-01A,TCGA_SARC,,
TCGA-A2-A0D4-01A,BRCA,TARGET-20-PAVMGM-09A,AML,TCGA-DB-5275-01A,LGG,TCGA-HB-A3L4-01A,TCGA_SARC,,
TCGA-BH-A0AZ-01A,BRCA,TARGET-20-PAPSCM-09A,AML,TCGA-DU-5854-01A,LGG,TCGA-DX-A48N-01A,TCGA_SARC,,
TCGA-XX-A899-01A,BRCA,TARGET-20-PAVUJA-09A,AML,TCGA-HW-8319-01A,LGG,TCGA-KF-A41W-01A,TCGA_SARC,,
TCGA-WT-AB41-01A,BRCA,TARGET-20-PAULWG-09A,AML,TCGA-QH-A65Z-01A,LGG,TCGA-K1-A6RV-01A,TCGA_SARC,,
TCGA-D8-A1XY-01A,BRCA,TARGET-20-PASPLH-09A,AML,TCGA-TQ-A7RN-01A,LGG,TCGA-DX-A1L1-01A,TCGA_SARC,,
TCGA-A2-A0EM-01A,BRCA,TARGET-20-PAULSL-09A,AML,TCGA-DU-A76O-01A,LGG,TCGA-X6-A8C2-01A,TCGA_SARC,,
TCGA-AO-A1KR-01A,BRCA,TARGET-20-PAXECE-09A,AML,TCGA-DU-6404-02B,LGG,TCGA-DX-A6BA-01A,TCGA_SARC,,
TCGA-D8-A3Z6-01A,BRCA,TARGET-20-PAVLLR-09A,AML,TCGA-P5-A5F2-01A,LGG,TCGA-JV-A5VE-01A,TCGA_SARC,,
TCGA-C8-A1HN-01A,BRCA,TARGET-20-PAXEES-09A,AML,TCGA-QH-A6CX-01A,LGG,TCGA-DX-A48K-01A,TCGA_SARC,,
TCGA-A8-A08R-01A,BRCA,TARGET-20-PANTIV-09A,AML,TCGA-DU-7012-01A,LGG,TCGA-QQ-A8VB-01A,TCGA_SARC,,
TCGA-BH-A1F6-01A,BRCA,TARGET-21-PATAIJ-09A,AML,TCGA-WY-A858-01A,LGG,TCGA-MO-A47P-01A,TCGA_SARC,,
TCGA-A7-A26I-01B,BRCA,TARGET-20-PAVEZN-09A,AML,TCGA-HT-7879-01A,LGG,TCGA-QQ-A8VD-01A,TCGA_SARC,,
TCGA-5T-A9QA-01A,BRCA,TARGET-20-PAVUZN-09A,AML,TCGA-DB-5277-01A,LGG,TCGA-SI-AA8B-01A,TCGA_SARC,,
TCGA-AC-A62V-01A,BRCA,TARGET-20-PAVCNU-09A,AML,TCGA-DU-A7TB-01A,LGG,TCGA-KD-A5QU-01A,TCGA_SARC,,
TCGA-A2-A0SW-01A,BRCA,TARGET-20-PAVEDT-09A,AML,TCGA-P5-A5ET-01A,LGG,TCGA-DX-A6B9-01A,TCGA_SARC,,
TCGA-B6-A0I1-01A,BRCA,TARGET-20-PAWRSP-09A,AML,TCGA-HT-A616-01A,LGG,TCGA-DX-A8BQ-01A,TCGA_SARC,,
TCGA-AO-A0J8-01A,BRCA,TARGET-20-PAWNYX-09A,AML,TCGA-P5-A5EV-01A,LGG,TCGA-DX-A1L4-01A,TCGA_SARC,,
TCGA-AR-A5QP-01A,BRCA,TARGET-20-PAVVAT-09A,AML,TCGA-DB-A64L-01A,LGG,TCGA-DX-A3U5-01A,TCGA_SARC,,
TCGA-E2-A14U-01A,BRCA,TARGET-20-PASXLJ-09A,AML,TCGA-FG-8186-01A,LGG,TCGA-DX-A7EO-01A,TCGA_SARC,,
TCGA-A2-A3XS-01A,BRCA,TARGET-20-PASIZX-09A,AML,TCGA-S9-A6WL-01A,LGG,TCGA-IF-A4AK-01A,TCGA_SARC,,
TCGA-A2-A0EX-01A,BRCA,TARGET-20-PAWENM-09A,AML,TCGA-HT-7473-01A,LGG,TCGA-DX-AB37-01A,TCGA_SARC,,
TCGA-BH-A1F8-01A,BRCA,TARGET-20-PARCIN-09A,AML,TCGA-DU-A5TS-01A,LGG,TCGA-SI-AA8C-01A,TCGA_SARC,,
TCGA-3C-AALI-01A,BRCA,TARGET-20-PAWAMF-09A,AML,TCGA-S9-A6UB-01A,LGG,TCGA-DX-A3UF-01A,TCGA_SARC,,
TCGA-A7-A13E-01A,BRCA,TARGET-20-PAWXSX-09A,AML,TCGA-S9-A6TY-01A,LGG,TCGA-DX-A6B7-01A,TCGA_SARC,,
TCGA-A2-A0EY-01A,BRCA,TARGET-20-PAURDN-09A,AML,TCGA-DH-5143-01A,LGG,TCGA-DX-A8BU-01A,TCGA_SARC,,
TCGA-C8-A134-01A,BRCA,TARGET-20-PAXJSM-09A,AML,TCGA-QH-A6CY-01A,LGG,TCGA-HS-A5NA-01A,TCGA_SARC,,
TCGA-BH-A18V-01A,BRCA,TARGET-20-PAXBAZ-09A,AML,TCGA-DB-A64W-01A,LGG,TCGA-IF-A3RQ-01A,TCGA_SARC,,
TCGA-EW-A1IZ-01A,BRCA,TARGET-20-PANUUU-09A,AML,TCGA-HT-A615-01A,LGG,TCGA-DX-A6YV-01A,TCGA_SARC,,
TCGA-EW-A6SB-01A,BRCA,TARGET-20-PATGRP-09A,AML,TCGA-TM-A84H-01A,LGG,TCGA-DX-A6BF-01A,TCGA_SARC,,
TCGA-AR-A24S-01A,BRCA,TARGET-20-PAXETX-09A,AML,TCGA-CS-5393-01A,LGG,TCGA-DX-AB36-01A,TCGA_SARC,,
TCGA-E9-A5UP-01A,BRCA,TARGET-20-PAVWJV-09A,AML,TCGA-TM-A84B-01A,LGG,TCGA-DX-A6BK-01A,TCGA_SARC,,
TCGA-S3-A6ZG-01A,BRCA,TARGET-20-PATIVW-09A,AML,TCGA-DU-5870-01A,LGG,TCGA-DX-A6YT-01A,TCGA_SARC,,
TCGA-E9-A24A-01A,BRCA,TARGET-20-PANDDC-09A,AML,TCGA-HT-8107-01A,LGG,TCGA-DX-A3M1-01A,TCGA_SARC,,
TCGA-D8-A4Z1-01A,BRCA,TARGET-20-PASZJT-09A,AML,TCGA-HT-7467-01A,LGG,TCGA-K1-A42X-01A,TCGA_SARC,,
TCGA-D8-A1JN-01A,BRCA,TARGET-20-PAWBVL-09A,AML,TCGA-DU-5849-01A,LGG,TCGA-DX-A8BP-01A,TCGA_SARC,,
TCGA-AN-A0FW-01A,BRCA,TARGET-20-PAVTLN-09A,AML,TCGA-HT-7692-01A,LGG,TCGA-DX-A3LW-01A,TCGA_SARC,,
TCGA-E9-A1RE-01A,BRCA,TARGET-20-PAXJFT-09A,AML,TCGA-S9-A7QW-01A,LGG,TCGA-QQ-A8VG-01A,TCGA_SARC,,
TCGA-AN-A0XL-01A,BRCA,TARGET-20-PAUSKR-09A,AML,TCGA-FG-A4MU-01B,LGG,TCGA-HB-A2OT-01A,TCGA_SARC,,
TCGA-A2-A0EU-01A,BRCA,TARGET-20-PAWRIY-09A,AML,TCGA-DU-8162-01A,LGG,TCGA-DX-A2J4-01A,TCGA_SARC,,
TCGA-D8-A1XT-01A,BRCA,TARGET-20-PATBPW-09A,AML,TCGA-HT-A61C-01A,LGG,TCGA-DX-AB2Q-01A,TCGA_SARC,,
TCGA-AN-A0FT-01A,BRCA,TARGET-20-PASCZU-09A,AML,TCGA-P5-A5F0-01A,LGG,TCGA-DX-A6YU-01A,TCGA_SARC,,
TCGA-AO-A03R-01A,BRCA,TARGET-20-PAVIZT-09A,AML,TCGA-HT-7874-01A,LGG,TCGA-PC-A5DP-01A,TCGA_SARC,,
TCGA-A7-A13D-01B,BRCA,TARGET-20-PAWWMZ-09A,AML,TCGA-DU-6407-02A,LGG,TCGA-SG-A6Z7-01A,TCGA_SARC,,
TCGA-AN-A0FS-01A,BRCA,TARGET-20-PASNAL-09A,AML,TCGA-DU-7007-01A,LGG,TCGA-FX-A3NK-01A,TCGA_SARC,,
TCGA-AN-A0AT-01A,BRCA,TARGET-20-PAEERJ-09A,AML,TCGA-S9-A7R2-01A,LGG,TCGA-DX-A1L3-01A,TCGA_SARC,,
TCGA-BH-A0B4-01A,BRCA,TARGET-20-PATAIY-09A,AML,TCGA-HW-A5KK-01A,LGG,TCGA-3R-A8YX-01A,TCGA_SARC,,
TCGA-A2-A0YC-01A,BRCA,TARGET-20-PAWMJY-09A,AML,TCGA-E1-A7Z6-01A,LGG,TCGA-SI-A71P-01A,TCGA_SARC,,
TCGA-B6-A0IN-01A,BRCA,TARGET-20-PATJUT-09A,AML,TCGA-DU-6405-01A,LGG,TCGA-IE-A4EI-01A,TCGA_SARC,,
TCGA-S3-AA15-01A,BRCA,TARGET-20-PAXKSZ-09A,AML,TCGA-HT-7485-01A,LGG,TCGA-MB-A8JL-01A,TCGA_SARC,,
TCGA-A7-A5ZX-01A,BRCA,TARGET-20-PARPWL-09A,AML,TCGA-S9-A7IY-01A,LGG,TCGA-MB-A5YA-01A,TCGA_SARC,,
TCGA-BH-A0DH-01A,BRCA,TARGET-20-PASZEI-09A,AML,TCGA-TM-A84L-01A,LGG,TCGA-DX-A3M2-01A,TCGA_SARC,,
TCGA-D8-A1X9-01A,BRCA,TARGET-20-PANWHP-09A,AML,TCGA-HT-8019-01A,LGG,TCGA-3B-A9HS-01A,TCGA_SARC,,
TCGA-A8-A06Q-01A,BRCA,TARGET-20-PAWHFV-09A,AML,TCGA-S9-A6U0-01A,LGG,TCGA-DX-A8BM-01A,TCGA_SARC,,
TCGA-D8-A27I-01A,BRCA,TARGET-20-PAXDHL-09A,AML,TCGA-DU-5852-01A,LGG,TCGA-K1-A6RU-01A,TCGA_SARC,,
TCGA-E2-A15G-01A,BRCA,TARGET-20-PAUYDT-09A,AML,TCGA-S9-A7R7-01A,LGG,TCGA-IS-A3K7-01A,TCGA_SARC,,
TCGA-E2-A152-01A,BRCA,TARGET-20-PAXMCV-09A,AML,TCGA-DU-7014-01A,LGG,TCGA-IF-A4AJ-01A,TCGA_SARC,,
TCGA-BH-A0HO-01A,BRCA,TARGET-20-PASYWV-09A,AML,TCGA-DU-A6S7-01A,LGG,TCGA-IW-A3M5-01A,TCGA_SARC,,
TCGA-E2-A2P5-01A,BRCA,TARGET-20-PAURLB-09A,AML,TCGA-S9-A6WG-01A,LGG,TCGA-DX-A23Z-01A,TCGA_SARC,,
TCGA-E9-A2JS-01A,BRCA,TARGET-20-PAXMAD-09A,AML,TCGA-IK-7675-01A,LGG,TCGA-QC-AA9N-01A,TCGA_SARC,,
TCGA-C8-A12K-01A,BRCA,TARGET-20-PABLDZ-09A,AML,TCGA-FG-A60K-01A,LGG,TCGA-JV-A5VF-01A,TCGA_SARC,,
TCGA-E2-A572-01A,BRCA,TARGET-20-PAWMIP-09A,AML,TCGA-P5-A736-01A,LGG,TCGA-DX-A7ET-01A,TCGA_SARC,,
TCGA-AN-A0G0-01A,BRCA,TARGET-20-PAWFZT-09A,AML,TCGA-QH-A86X-01A,LGG,TCGA-X2-A95T-01A,TCGA_SARC,,
TCGA-E2-A150-01A,BRCA,TARGET-21-PASSLT-09A,AML,TCGA-FG-A4MX-01A,LGG,TCGA-DX-A6BB-01A,TCGA_SARC,,
TCGA-A8-A06N-01A,BRCA,TARGET-20-PAWANV-09A,AML,TCGA-HT-7616-01A,LGG,TCGA-DX-A1KX-01A,TCGA_SARC,,
TCGA-EW-A1PG-01A,BRCA,TARGET-20-PAWWTP-09A,AML,TCGA-CS-6667-01A,LGG,TCGA-DX-AB2V-01A,TCGA_SARC,,
TCGA-BH-A1F0-01A,BRCA,TARGET-20-PAWVCG-09A,AML,TCGA-FG-A6J3-01A,LGG,TCGA-DX-A7EN-01A,TCGA_SARC,,
TCGA-C8-A1HO-01A,BRCA,TARGET-20-PAWCIL-09A,AML,TCGA-HT-7684-01A,LGG,TCGA-DX-AB3A-01A,TCGA_SARC,,
TCGA-S3-AA0Z-01A,BRCA,TARGET-20-PAWRPX-09A,AML,TCGA-S9-A6U8-01A,LGG,TCGA-DX-A8BX-01A,TCGA_SARC,,
TCGA-E9-A6HE-01A,BRCA,TARGET-20-PAXAAA-09A,AML,TCGA-HT-7858-01A,LGG,TCGA-DX-AB32-01A,TCGA_SARC,,
TCGA-E2-A9RU-01A,BRCA,TARGET-20-PAUYCB-09A,AML,TCGA-CS-5396-01A,LGG,TCGA-MB-A8JK-01A,TCGA_SARC,,
TCGA-BH-A8G0-01A,BRCA,TARGET-20-PASVPC-09A,AML,TCGA-DH-A7UT-01A,LGG,TCGA-QQ-A5VA-01A,TCGA_SARC,,
TCGA-A1-A0SP-01A,BRCA,TARGET-20-PAXJYU-09A,AML,TCGA-DU-6404-01A,LGG,TCGA-PC-A5DK-01A,TCGA_SARC,,
TCGA-E9-A248-01A,BRCA,TARGET-20-PALHVV-09A,AML,TCGA-DU-8161-01A,LGG,TCGA-DX-A8BR-01A,TCGA_SARC,,
TCGA-AR-A5QN-01A,BRCA,TARGET-20-PASUUP-09A,AML,TCGA-HT-7856-01A,LGG,TCGA-MJ-A850-01A,TCGA_SARC,,
TCGA-EW-A2FS-01A,BRCA,TARGET-20-PATFRY-09A,AML,TCGA-CS-5397-01A,LGG,TCGA-DX-AB2G-01A,TCGA_SARC,,
TCGA-A8-A07I-01A,BRCA,TARGET-21-PARNAW-09A,AML,TCGA-S9-A6TW-01A,LGG,TCGA-DX-A6Z2-01A,TCGA_SARC,,
TCGA-BH-A18S-01A,BRCA,TARGET-20-PAUUZT-09A,AML,TCGA-DH-A66F-01A,LGG,TCGA-DX-A8BL-01A,TCGA_SARC,,
TCGA-BH-A0DV-01A,BRCA,TARGET-20-PAWUTL-09A,AML,TCGA-DU-7309-01A,LGG,TCGA-KD-A5QT-01A,TCGA_SARC,,
TCGA-D8-A1JK-01A,BRCA,TARGET-20-PASURR-09A,AML,TCGA-TQ-A7RO-01A,LGG,TCGA-QQ-A5VC-01A,TCGA_SARC,,
TCGA-AN-A046-01A,BRCA,TARGET-20-PAWSJZ-09A,AML,TCGA-QH-A6X8-01A,LGG,TCGA-HB-A43Z-01A,TCGA_SARC,,
TCGA-BH-A0BD-01A,BRCA,TARGET-20-PAWXCK-09A,AML,TCGA-S9-A7IQ-01A,LGG,TCGA-IW-A3M4-01A,TCGA_SARC,,
TCGA-C8-A9FZ-01A,BRCA,TARGET-20-PAVDMY-09A,AML,TCGA-P5-A733-01A,LGG,TCGA-IW-A3M6-01A,TCGA_SARC,,
TCGA-AC-A3HN-01A,BRCA,TARGET-20-PARCVP-09A,AML,TCGA-VM-A8CA-01A,LGG,TCGA-DX-A8BK-01A,TCGA_SARC,,
TCGA-A7-A0DB-01A,BRCA,TARGET-20-PAXKAX-09A,AML,TCGA-FG-6688-01A,LGG,TCGA-UE-A6QT-01A,TCGA_SARC,,
TCGA-A2-A0CO-01A,BRCA,TARGET-20-PAVAWS-09A,AML,TCGA-TQ-A7RQ-01A,LGG,TCGA-3B-A9I1-01A,TCGA_SARC,,
TCGA-E9-A228-01A,BRCA,TARGET-20-PARIYB-09A,AML,TCGA-TQ-A7RJ-01A,LGG,TCGA-QQ-A5V2-01A,TCGA_SARC,,
TCGA-EW-A1P1-01A,BRCA,TARGET-20-PAWWWE-09A,AML,TCGA-S9-A6UA-01A,LGG,TCGA-X6-A7WB-01A,TCGA_SARC,,
TCGA-EW-A1P8-01A,BRCA,TARGET-20-PAWCBZ-09A,AML,TCGA-DU-7290-01A,LGG,TCGA-QC-A7B5-01A,TCGA_SARC,,
TCGA-LL-A5YP-01A,BRCA,TARGET-20-PAWZZN-09A,AML,TCGA-FG-A4MT-01A,LGG,TCGA-WK-A8XY-01A,TCGA_SARC,,
TCGA-AO-A03N-01B,BRCA,TARGET-20-PASHBI-09A,AML,TCGA-FG-A4MT-02A,LGG,TCGA-X6-A8C7-01A,TCGA_SARC,,
TCGA-BH-A0W7-01A,BRCA,TARGET-20-PAXLEE-09A,AML,TCGA-HT-A617-01A,LGG,TCGA-MJ-A68J-01A,TCGA_SARC,,
TCGA-BH-A0H3-01A,BRCA,TARGET-20-PATFYN-09A,AML,TCGA-FG-6691-01A,LGG,TCGA-VT-A80G-01A,TCGA_SARC,,
TCGA-A2-A04Y-01A,BRCA,TARGET-20-PAXDMP-09A,AML,TCGA-HT-8013-01A,LGG,TCGA-PC-A5DM-01A,TCGA_SARC,,
TCGA-A8-A08A-01A,BRCA,TARGET-20-PAPUNR-09A,AML,TCGA-DU-6397-01A,LGG,TCGA-DX-A6BH-01A,TCGA_SARC,,
TCGA-D8-A1JS-01A,BRCA,TARGET-20-PASRRL-09A,AML,TCGA-HT-7877-01A,LGG,TCGA-DX-A48J-01A,TCGA_SARC,,
TCGA-C8-A3M8-01A,BRCA,TARGET-20-PAVWBW-09A,AML,TCGA-P5-A77W-01A,LGG,TCGA-K1-A3PO-01A,TCGA_SARC,,
TCGA-A8-A095-01A,BRCA,TARGET-20-PAWAWL-09A,AML,TCGA-DU-5870-02A,LGG,TCGA-DX-A48R-01A,TCGA_SARC,,
TCGA-AR-A0TP-01A,BRCA,TARGET-20-PARYGA-09A,AML,TCGA-DU-7015-01A,LGG,TCGA-3B-A9HR-01A,TCGA_SARC,,
TCGA-B6-A0WY-01A,BRCA,TARGET-20-PAUWEW-09A,AML,TCGA-DH-A66D-01A,LGG,TCGA-DX-A240-01A,TCGA_SARC,,
TCGA-E2-A14Y-01A,BRCA,TARGET-20-PAVDBT-09A,AML,TCGA-WY-A85C-01A,LGG,TCGA-DX-A7ES-01A,TCGA_SARC,,
TCGA-AC-A62Y-01A,BRCA,TARGET-20-PAUPSX-09A,AML,TCGA-S9-A7IS-01A,LGG,TCGA-DX-A48V-01A,TCGA_SARC,,
TCGA-OL-A66J-01A,BRCA,TARGET-20-PAXKKC-09A,AML,TCGA-RY-A847-01A,LGG,TCGA-DX-A7EI-01A,TCGA_SARC,,
TCGA-AR-A24T-01A,BRCA,TARGET-20-PAVPLL-09A,AML,TCGA-DU-7018-01A,LGG,TCGA-SI-A71O-01A,TCGA_SARC,,
TCGA-EW-A1P4-01A,BRCA,TARGET-20-PASFVP-09A,AML,TCGA-S9-A6WM-01A,LGG,TCGA-3B-A9HQ-01A,TCGA_SARC,,
TCGA-AR-A2LL-01A,BRCA,TARGET-20-PARFWM-09A,AML,TCGA-HT-7681-01A,LGG,TCGA-3B-A9HJ-01A,TCGA_SARC,,
TCGA-E9-A5FK-01A,BRCA,TARGET-20-PAVANT-09A,AML,TCGA-E1-A7YE-01A,LGG,TCGA-PC-A5DL-01A,TCGA_SARC,,
TCGA-A2-A0YM-01A,BRCA,TARGET-20-PAWKLC-09A,AML,TCGA-E1-A7YU-01A,LGG,TCGA-X9-A971-01A,TCGA_SARC,,
TCGA-AO-A1KO-01A,BRCA,TARGET-20-PAXJIH-09A,AML,TCGA-FG-8185-01A,LGG,TCGA-DX-A48L-01A,TCGA_SARC,,
TCGA-AR-A0TR-01A,BRCA,TARGET-20-PATGDZ-09A,AML,TCGA-DU-6392-01A,LGG,TCGA-IE-A4EJ-01A,TCGA_SARC,,
TCGA-AR-A256-01A,BRCA,TARGET-20-PAVXME-09A,AML,TCGA-HT-7860-01A,LGG,TCGA-DX-A1L0-01A,TCGA_SARC,,
TCGA-EW-A1P5-01A,BRCA,TARGET-20-PASNIY-09A,AML,TCGA-FG-A4MY-01A,LGG,TCGA-3B-A9HT-01A,TCGA_SARC,,
TCGA-B6-A0RP-01A,BRCA,TARGET-20-PAWHCT-09A,AML,TCGA-HT-7470-01A,LGG,TCGA-IE-A3OV-01A,TCGA_SARC,,
TCGA-E2-A1L6-01A,BRCA,TARGET-20-PAVBIY-09A,AML,TCGA-HT-7691-01A,LGG,TCGA-DX-A6YX-01A,TCGA_SARC,,
TCGA-C8-A12U-01A,BRCA,TARGET-20-PAWBSJ-09A,AML,TCGA-DU-6407-02B,LGG,TCGA-Z4-AAPG-01A,TCGA_SARC,,
TCGA-AR-A0TS-01A,BRCA,TARGET-20-PASRTP-09A,AML,TCGA-F6-A8O3-01A,LGG,TCGA-IS-A3KA-01A,TCGA_SARC,,
TCGA-D8-A143-01A,BRCA,TARGET-20-PARWDZ-09A,AML,TCGA-DB-A4XG-01A,LGG,TCGA-DX-AB2E-01A,TCGA_SARC,,
TCGA-A8-A09E-01A,BRCA,TARGET-20-PASUMD-09A,AML,TCGA-TM-A84C-01A,LGG,TCGA-SG-A6Z4-01A,TCGA_SARC,,
TCGA-AC-A3TM-01A,BRCA,TARGET-20-PAUXNH-09A,AML,TCGA-HT-7884-01B,LGG,TCGA-PT-A8TR-01A,TCGA_SARC,,
TCGA-A2-A3KC-01A,BRCA,TARGET-20-PAUYFL-09A,AML,TCGA-FG-A87N-01A,LGG,TCGA-FX-A3TO-01A,TCGA_SARC,,
TCGA-AC-A8OS-01A,BRCA,TARGET-20-PATEAF-09A,AML,TCGA-TM-A84O-01A,LGG,TCGA-MO-A47R-01A,TCGA_SARC,,
TCGA-BH-A18P-01A,BRCA,TARGET-20-PAWDVL-09A,AML,TCGA-CS-6666-01A,LGG,TCGA-3B-A9I3-01A,TCGA_SARC,,
TCGA-HN-A2NL-01A,BRCA,TARGET-20-PAESVN-09A,AML,TCGA-DU-5847-01A,LGG,TCGA-DX-A3LT-01A,TCGA_SARC,,
TCGA-BH-A0E7-01A,BRCA,TARGET-20-PARAJX-09A,AML,TCGA-HT-8012-01A,LGG,TCGA-DX-A8BV-01A,TCGA_SARC,,
TCGA-A2-A0D3-01A,BRCA,TARGET-20-PANUUA-09A,AML,TCGA-QH-A6X4-01A,LGG,TCGA-DX-A1KU-01A,TCGA_SARC,,
TCGA-AR-A1AU-01A,BRCA,TARGET-21-PARLSL-09A,AML,TCGA-S9-A7QY-01A,LGG,TCGA-RN-AAAQ-01A,TCGA_SARC,,
TCGA-A8-A07L-01A,BRCA,TARGET-20-PAVZTJ-09A,AML,TCGA-CS-5394-01A,LGG,TCGA-3B-A9HL-01A,TCGA_SARC,,
TCGA-BH-A1FB-01A,BRCA,TARGET-20-PADYIR-09A,AML,TCGA-DU-A6S8-01A,LGG,TCGA-FX-A48G-01A,TCGA_SARC,,
TCGA-D8-A27L-01A,BRCA,TARGET-20-PAWLTG-09A,AML,TCGA-E1-A7Z2-01A,LGG,TCGA-PC-A5DO-01A,TCGA_SARC,,
TCGA-AR-A1AR-01A,BRCA,TARGET-20-PASXNR-09A,AML,TCGA-CS-4943-01A,LGG,TCGA-IS-A3K8-01A,TCGA_SARC,,
TCGA-BH-A0C3-01A,BRCA,TARGET-20-PAVRTN-09A,AML,TCGA-DB-A64U-01A,LGG,TCGA-DX-A2J1-01A,TCGA_SARC,,
TCGA-BH-A0BW-01A,BRCA,TARGET-20-PAXGIY-09A,AML,TCGA-DB-5276-01A,LGG,TCGA-K1-A3PN-01A,TCGA_SARC,,
TCGA-AR-A1AS-01A,BRCA,TARGET-20-PAERAH-09A,AML,TCGA-S9-A6WO-01A,LGG,TCGA-DX-A7EF-01A,TCGA_SARC,,
TCGA-PL-A8LZ-01A,BRCA,TARGET-20-PAVLJH-09A,AML,TCGA-HT-8558-01A,LGG,TCGA-X6-A7W8-01A,TCGA_SARC,,
TCGA-A2-A3Y0-01A,BRCA,TARGET-20-PAUXRA-09A,AML,TCGA-HT-8113-01A,LGG,TCGA-DX-A6BG-01A,TCGA_SARC,,
TCGA-AR-A24K-01A,BRCA,TARGET-20-PAXANS-09A,AML,TCGA-P5-A735-01A,LGG,TCGA-HS-A5N8-01A,TCGA_SARC,,
TCGA-BH-A18T-01A,BRCA,TARGET-20-PAMYGX-09A,AML,TCGA-HT-7676-01A,LGG,TCGA-QQ-A8VH-01A,TCGA_SARC,,
TCGA-AR-A24O-01A,BRCA,TARGET-20-PATAIJ-09A,AML,TCGA-HT-A74K-01A,LGG,TCGA-DX-A8BZ-01A,TCGA_SARC,,
TCGA-GM-A2DF-01A,BRCA,TARGET-20-PAWMIX-09A,AML,TCGA-E1-5307-01A,LGG,TCGA-DX-A7EQ-01A,TCGA_SARC,,
TCGA-B6-A0I5-01A,BRCA,TARGET-20-PATBNP-09A,AML,TCGA-DU-A7T6-01A,LGG,TCGA-FX-A8OO-01A,TCGA_SARC,,
TCGA-AC-A2FK-01A,BRCA,TARGET-20-PAWTNN-09A,AML,TCGA-HT-A618-01A,LGG,TCGA-X6-A8C5-01A,TCGA_SARC,,
TCGA-B6-A401-01A,BRCA,TARGET-20-PAXMKU-09A,AML,TCGA-S9-A7IX-01A,LGG,TCGA-WK-A8XZ-01A,TCGA_SARC,,
TCGA-GM-A3NW-01A,BRCA,TARGET-20-PAXMLI-09A,AML,TCGA-VM-A8C8-01A,LGG,TCGA-DX-A3UE-01A,TCGA_SARC,,
TCGA-AC-A62X-01A,BRCA,TARGET-20-PANXPU-09A,AML,TCGA-HT-7469-01A,LGG,TCGA-DX-A3UC-01A,TCGA_SARC,,
TCGA-BH-A0W3-01A,BRCA,TARGET-20-PAVMNA-09A,AML,TCGA-S9-A6TZ-01A,LGG,TCGA-FX-A3NJ-01A,TCGA_SARC,,
TCGA-OL-A66N-01A,BRCA,TARGET-20-PARBVE-09A,AML,TCGA-DB-A75L-01A,LGG,TCGA-DX-A2IZ-01A,TCGA_SARC,,
TCGA-A8-A08S-01A,BRCA,TARGET-20-PAPVCN-09A,AML,TCGA-DU-A6S2-01A,LGG,TCGA-DX-A6BE-01A,TCGA_SARC,,
TCGA-OL-A5RY-01A,BRCA,TARGET-20-PAWCII-09A,AML,TCGA-E1-A7YK-01A,LGG,TCGA-DX-A23U-01A,TCGA_SARC,,
TCGA-A8-A09G-01A,BRCA,TARGET-20-PAKHBF-09A,AML,TCGA-DU-8158-01A,LGG,TCGA-DX-A8BT-01A,TCGA_SARC,,
TCGA-A8-A08L-01A,BRCA,TARGET-20-PAVSFB-09A,AML,TCGA-R8-A6YH-01A,LGG,TCGA-UE-A6QU-01A,TCGA_SARC,,
TCGA-A8-A097-01A,BRCA,TARGET-20-PAWRPD-09A,AML,TCGA-FG-A70Y-01A,LGG,TCGA-RN-A68Q-01A,TCGA_SARC,,
TCGA-A7-A26E-01B,BRCA,TARGET-20-PAVLKG-09A,AML,TCGA-DU-6404-02A,LGG,TCGA-MB-A5Y8-01A,TCGA_SARC,,
TCGA-E2-A105-01A,BRCA,TARGET-20-PAWEVC-09A,AML,TCGA-DU-7306-01A,LGG,TCGA-Z4-A8JB-01A,TCGA_SARC,,
TCGA-EW-A1PB-01A,BRCA,TARGET-20-PAWESF-09A,AML,TCGA-CS-5390-01A,LGG,TCGA-DX-A8BG-01A,TCGA_SARC,,
TCGA-EW-A423-01A,BRCA,TARGET-20-PARUXJ-09A,AML,TCGA-FG-7637-01A,LGG,TCGA-DX-AB2W-01A,TCGA_SARC,,
TCGA-A7-A6VV-01A,BRCA,TARGET-20-PASJTM-09A,AML,TCGA-DU-8163-01A,LGG,TCGA-DX-A7ER-01A,TCGA_SARC,,
TCGA-A2-A4RY-01A,BRCA,TARGET-20-PAUMAD-09A,AML,TCGA-S9-A89V-01A,LGG,TCGA-LI-A9QH-01A,TCGA_SARC,,
TCGA-A2-A25C-01A,BRCA,TARGET-20-PAWNWV-09A,AML,TCGA-HT-A61B-01A,LGG,TCGA-IS-A3K6-01A,TCGA_SARC,,
TCGA-C8-A12W-01A,BRCA,TARGET-20-PAVDVV-09A,AML,TCGA-FG-A6IZ-01A,LGG,TCGA-DX-AB3C-01A,TCGA_SARC,,
TCGA-GM-A5PX-01A,BRCA,TARGET-20-PARNPC-09A,AML,TCGA-FG-A4MW-01A,LGG,TCGA-DX-A7EM-01A,TCGA_SARC,,
TCGA-BH-A0BR-01A,BRCA,TARGET-20-PASYJL-09A,AML,TCGA-HT-A5R9-01A,LGG,TCGA-DX-AB2P-01A,TCGA_SARC,,
TCGA-LL-A73Y-01A,BRCA,TARGET-20-PAXGGF-09A,AML,TCGA-DU-5871-01A,LGG,TCGA-DX-A1KZ-01A,TCGA_SARC,,
TCGA-OL-A6VQ-01A,BRCA,TARGET-20-PAUKDH-09A,AML,TCGA-DU-A7TD-01A,LGG,TCGA-HS-A5N7-01A,TCGA_SARC,,
TCGA-AR-A2LN-01A,BRCA,TARGET-20-PAWGEG-09A,AML,TCGA-HT-7468-01A,LGG,TCGA-DX-A3UA-01A,TCGA_SARC,,
TCGA-AR-A1AV-01A,BRCA,TARGET-20-PAVSNL-09A,AML,TCGA-HT-7690-01A,LGG,TCGA-DX-A1L2-01A,TCGA_SARC,,
TCGA-AQ-A04L-01B,BRCA,TARGET-20-PAUZTH-09A,AML,TCGA-HT-7601-01A,LGG,TCGA-DX-A7EL-01A,TCGA_SARC,,
TCGA-BH-A18R-01A,BRCA,TARGET-20-PAVEYP-09A,AML,TCGA-DU-6397-02A,LGG,GSM907881,GSE36982,,
TCGA-A2-A0CP-01A,BRCA,TARGET-20-PAXGVS-09A,AML,TCGA-DU-A7TA-01A,LGG,GSM907882,GSE36982,,
TCGA-OL-A5RW-01A,BRCA,TARGET-21-PARZIA-09A,AML,TCGA-HT-A61A-01A,LGG,GSM907883,GSE36982,,
TCGA-AC-A6IX-01A,BRCA,TARGET-20-PAWCBJ-09A,AML,TCGA-HT-8564-01A,LGG,GSM907884,GSE36982,,
TCGA-E2-A1L8-01A,BRCA,TARGET-20-PATMCW-09A,AML,TCGA-DB-A4XB-01A,LGG,GSM907885,GSE36982,,
TCGA-BH-A1EN-01A,BRCA,TARGET-20-PASTJT-09A,AML,TCGA-CS-4941-01A,LGG,GSM907886,GSE36982,,
TCGA-D8-A141-01A,BRCA,TARGET-20-PAVGNC-09A,AML,TCGA-TQ-A7RW-01A,LGG,GSM907887,GSE36982,,
TCGA-A2-A0T0-01A,BRCA,TARGET-20-PAUZVP-09A,AML,TCGA-TQ-A7RF-01A,LGG,GSM907888,GSE36982,,
TCGA-EW-A6SA-01A,BRCA,TARGET-20-PARNIL-09A,AML,TCGA-DU-8164-01A,LGG,GSM907889,GSE36982,,
TCGA-B6-A0I9-01A,BRCA,TARGET-20-PAUYUH-09A,AML,TCGA-HT-A74H-01A,LGG,GSM907890,GSE36982,,
TCGA-A7-A0CJ-01A,BRCA,TARGET-20-PAPAEG-09A,AML,TCGA-CS-6668-01A,LGG,GSM907891,GSE36982,,
TCGA-BH-AB28-01A,BRCA,TARGET-20-PASRLS-09A,AML,TCGA-DH-A7UV-01A,LGG,GSM907892,GSE36982,,
TCGA-BH-A0BC-01A,BRCA,TARGET-20-PAWMPH-09A,AML,TCGA-P5-A781-01A,LGG,GSM907893,GSE36982,,
TCGA-AR-A24V-01A,BRCA,TARGET-20-PARBEL-09A,AML,TCGA-HT-7475-01A,LGG,GSM907894,GSE36982,,
TCGA-BH-A0W5-01A,BRCA,TARGET-20-PANXVZ-09A,AML,TCGA-HT-7687-01A,LGG,GSM907895,GSE36982,,
TCGA-AR-A24M-01A,BRCA,TARGET-20-PAXIFA-09A,AML,TCGA-TM-A84R-01A,LGG,GSM907896,GSE36982,,
TCGA-AR-A24P-01A,BRCA,TARGET-20-PASSPT-09A,AML,TCGA-DU-5874-01A,LGG,GSM907897,GSE36982,,
TCGA-BH-A18K-01A,BRCA,TARGET-20-PAVDYE-09A,AML,TCGA-R8-A6MO-01A,LGG,GSM907898,GSE36982,,
TCGA-E2-A1LE-01A,BRCA,TARGET-20-PALVKV-09A,AML,TCGA-FG-5962-01B,LGG,GSM907899,GSE36982,,
TCGA-E2-A1L7-01A,BRCA,TARGET-20-PAVBVA-09A,AML,TCGA-DU-7300-01A,LGG,GSM907900,GSE36982,,
TCGA-E9-A245-01A,BRCA,TARGET-20-PAWCLC-09A,AML,TCGA-R8-A6ML-01A,LGG,GSM907901,GSE36982,,
TCGA-E9-A1N6-01A,BRCA,TARGET-20-PAWGRP-09A,AML,TCGA-HT-A619-01A,LGG,GSM907902,GSE36982,,
TCGA-E9-A2JT-01A,BRCA,TARGET-20-PAXDXW-09A,AML,TCGA-FG-5963-02A,LGG,GSM907903,GSE36982,,
TCGA-A7-A26H-01A,BRCA,TARGET-20-PASLTS-09A,AML,TCGA-FG-5963-01A,LGG,GSM907904,GSE36982,,
TCGA-AQ-A04H-01B,BRCA,TARGET-20-PAXDGH-09A,AML,TCGA-FG-A70Z-01A,LGG,GSM907905,GSE36982,,
TCGA-BH-A0H0-01A,BRCA,TARGET-20-PAVPDN-09A,AML,TCGA-DU-6400-01A,LGG,GSM907906,GSE36982,,
TCGA-BH-A1FG-01A,BRCA,TARGET-20-PAVMFT-09A,AML,TCGA-S9-A6TS-01A,LGG,GSM907907,GSE36982,,
TCGA-W8-A86G-01A,BRCA,TARGET-20-PAREFM-09A,AML,TCGA-S9-A7J2-01A,LGG,GSM907908,GSE36982,,
TCGA-C8-A1HK-01A,BRCA,TARGET-20-PABGKN-09A,AML,TCGA-S9-A7QX-01A,LGG,GSM907909,GSE36982,,
TCGA-A2-A0YT-01A,BRCA,TARGET-20-PAWBTJ-09A,AML,TCGA-HW-7487-01A,LGG,GSM907910,GSE36982,,
TCGA-AO-A12C-01A,BRCA,TARGET-20-PAVZHF-09A,AML,TCGA-DB-5280-01A,LGG,GSM907911,GSE36982,,
TCGA-E2-A1IF-01A,BRCA,TARGET-20-PAUYHB-09A,AML,TCGA-S9-A6TX-01A,LGG,GSM907912,GSE36982,,
TCGA-A2-A4S3-01A,BRCA,TARGET-20-PAWYGY-09A,AML,TCGA-HT-A5R5-01A,LGG,GSM907913,GSE36982,,
TCGA-AC-A8OQ-01A,BRCA,TARGET-20-PAWIIK-09A,AML,TCGA-HT-8104-01A,LGG,GSM907914,GSE36982,,
TCGA-BH-A0BP-01A,BRCA,TARGET-20-PARBFJ-09A,AML,TCGA-E1-5304-01A,LGG,GSM907915,GSE36982,,
TCGA-A2-A0ES-01A,BRCA,TARGET-20-PAUJNJ-09A,AML,TCGA-S9-A6U5-01A,LGG,GSM907916,GSE36982,,
TCGA-A8-A08I-01A,BRCA,TARGET-20-PAVKJD-09A,AML,TCGA-HT-A5RA-01A,LGG,GSM907917,GSE36982,,
TCGA-BH-A0DQ-01A,BRCA,TARGET-20-PAWSWR-09A,AML,TCGA-HT-A4DS-01A,LGG,GSM907918,GSE36982,,
TCGA-AR-A24Z-01A,BRCA,TARGET-20-PASAFM-09A,AML,TCGA-QH-A6CS-01A,LGG,GSM907919,GSE36982,,
TCGA-D8-A1JU-01A,BRCA,TARGET-20-PARJWH-09A,AML,TCGA-DU-6395-01A,LGG,GSM907920,GSE36982,,
TCGA-C8-A12O-01A,BRCA,TARGET-20-PAWDCZ-09A,AML,TCGA-QH-A65X-01A,LGG,GSM907921,GSE36982,,
TCGA-GM-A2DA-01A,BRCA,TARGET-20-PARAIC-09A,AML,TCGA-VM-A8C9-01A,LGG,GSM907922,GSE36982,,
TCGA-A2-A0T6-01A,BRCA,TARGET-20-PATCTM-09A,AML,TCGA-HW-7495-01A,LGG,GSM907923,GSE36982,,
TCGA-A2-A0CK-01A,BRCA,TARGET-20-PAWGCP-09A,AML,TCGA-DU-8167-01A,LGG,GSM907924,GSE36982,,
TCGA-AN-A04D-01A,BRCA,TARGET-20-PAVHTL-09A,AML,TCGA-HT-7680-01A,LGG,GSM907925,GSE36982,,
TCGA-AR-A0U4-01A,BRCA,TARGET-20-PAWVUA-09A,AML,TCGA-DU-A7TG-01A,LGG,GSM907926,GSE36982,,
TCGA-A7-A13G-01B,BRCA,TARGET-20-PAUZAM-09A,AML,TCGA-DU-A5TT-01A,LGG,GSM907927,GSE36982,,
TCGA-BH-A0DK-01A,BRCA,TARGET-20-PAVAGA-09A,AML,TCGA-WY-A859-01A,LGG,GSM907928,GSE36982,,
TCGA-D8-A1XG-01A,BRCA,TARGET-20-PAVWVT-09A,AML,TCGA-FG-8187-01A,LGG,GSM907929,GSE36982,,
TCGA-A2-A0D2-01A,BRCA,TARGET-20-PAWDNM-09A,AML,TCGA-P5-A780-01A,LGG,GSM907930,GSE36982,,
TCGA-A7-A26E-01A,BRCA,TARGET-20-PAWKUR-09A,AML,TCGA-HT-7604-01A,LGG,GSM907931,GSE36982,,
TCGA-A8-A07Z-01A,BRCA,TARGET-20-PANZKA-09A,AML,TCGA-TM-A84Q-01A,LGG,GSM907932,GSE36982,,
TCGA-A2-A1G1-01A,BRCA,TARGET-20-PASSVI-09A,AML,TCGA-QH-A6CV-01A,LGG,GSM907933,GSE36982,,
TCGA-E2-A15P-01A,BRCA,TARGET-20-PAWLII-09A,AML,TCGA-DH-5140-01A,LGG,GSM907934,GSE36982,,
TCGA-A8-A0A2-01A,BRCA,TARGET-21-PATHIU-09A,AML,TCGA-VW-A7QS-01A,LGG,GSM907935,GSE36982,,
TCGA-A8-A091-01A,BRCA,TARGET-20-PAWMII-09A,AML,TCGA-DU-5853-01A,LGG,GSM907936,GSE36982,,
TCGA-EW-A1OX-01A,BRCA,TARGET-20-PAVXEB-09A,AML,TCGA-DU-A76K-01A,LGG,GSM907937,GSE36982,,
TCGA-OL-A5DA-01A,BRCA,TARGET-20-PASEFD-09A,AML,TCGA-HT-7480-01A,LGG,GSM907938,GSE36982,,
TCGA-BH-A0B2-01A,BRCA,TARGET-20-PAXEMU-09A,AML,TCGA-TQ-A7RK-02A,LGG,GSM907939,GSE36982,,
TCGA-A8-A08J-01A,BRCA,TARGET-20-PARGTL-09A,AML,TCGA-CS-4938-01B,LGG,GSM907940,GSE36982,,
TCGA-A8-A08T-01A,BRCA,TARGET-20-PAVBNV-09A,AML,TCGA-TQ-A7RK-01A,LGG,GSM907941,GSE36982,,
TCGA-3C-AAAU-01A,BRCA,TARGET-20-PAVXRM-09A,AML,TCGA-TQ-A7RK-02B,LGG,GSM907942,GSE36982,,
TCGA-AO-A1KQ-01A,BRCA,TARGET-21-PARBTV-09A,AML,TCGA-HT-7477-01B,LGG,GSM907943,GSE36982,,
TCGA-E9-A1QZ-01A,BRCA,TARGET-20-PAXFEA-09A,AML,TCGA-E1-A7Z3-01A,LGG,GSM907944,GSE36982,,
TCGA-AR-A2LQ-01A,BRCA,TARGET-20-PACDZR-09A,AML,TCGA-E1-5318-01A,LGG,GSM907945,GSE36982,,
TCGA-A2-A0CL-01A,BRCA,TARGET-20-PAWDBB-09A,AML,TCGA-QH-A870-01A,LGG,GSM907946,GSE36982,,
TCGA-E2-A1B1-01A,BRCA,TARGET-20-PAVMEH-09A,AML,TCGA-HT-7875-01A,LGG,GSM907947,GSE36982,,
TCGA-AC-A3W5-01A,BRCA,TARGET-20-PAVGUM-09A,AML,TCGA-CS-6188-01A,LGG,GSM907948,GSE36982,,
TCGA-OL-A5RV-01A,BRCA,TARGET-20-PAURJZ-09A,AML,TCGA-TM-A7CF-01A,LGG,GSM907949,GSE36982,,
TCGA-A2-A0CR-01A,BRCA,TARGET-20-PASWLN-09A,AML,TCGA-S9-A6WE-01A,LGG,GSM907950,GSE36982,,
TCGA-AR-A2LO-01A,BRCA,TARGET-20-PAWLUE-09A,AML,TCGA-DU-8168-01A,LGG,GSM907951,GSE36982,,
TCGA-OL-A66P-01A,BRCA,TARGET-20-PANLKB-09A,AML,TCGA-DU-6542-01A,LGG,GSM907952,GSE36982,,
TCGA-C8-A1HM-01A,BRCA,TARGET-20-PASPFE-09A,AML,TCGA-FG-6690-01A,LGG,GSM907953,GSE36982,,
TCGA-D8-A13Z-01A,BRCA,TARGET-20-PAUMJB-09A,AML,TCGA-EZ-7264-01A,LGG,GSM907954,GSE36982,,
TCGA-E9-A22A-01A,BRCA,TARGET-20-PASPLU-09A,AML,TCGA-DU-7010-01A,LGG,GSM907955,GSE36982,,
TCGA-E2-A108-01A,BRCA,TARGET-20-PASFIE-09A,AML,TCGA-HT-8015-01B,LGG,GSM907956,GSE36982,,
TCGA-B6-A0RL-01A,BRCA,TARGET-20-PAWCXR-09A,AML,TCGA-HT-7689-01A,LGG,,,,
TCGA-AQ-A7U7-01A,BRCA,TARGET-20-PAUVBZ-09A,AML,TCGA-HT-8018-01A,LGG,,,,
TCGA-D8-A27V-01A,BRCA,TARGET-20-PAUWKY-09A,AML,TCGA-WY-A85B-01A,LGG,,,,
TCGA-C8-A1HE-01A,BRCA,TARGET-20-PAUMUZ-09A,AML,TCGA-HW-A5KJ-01A,LGG,,,,
TCGA-C8-A133-01A,BRCA,TARGET-20-PAVTMY-09A,AML,TCGA-P5-A5F4-01A,LGG,,,,
TCGA-BH-A42T-01A,BRCA,TARGET-20-PAWLUX-09A,AML,TCGA-DU-7013-01A,LGG,,,,
TCGA-AR-A2LH-01A,BRCA,TARGET-20-PAWEYY-09A,AML,TCGA-QH-A6X5-01A,LGG,,,,
TCGA-BH-A18H-01A,BRCA,TARGET-20-PARMST-09A,AML,TCGA-E1-A7YH-01A,LGG,,,,
TCGA-B6-A0IE-01A,BRCA,TARGET-20-PARKHV-09A,AML,TCGA-DU-6403-01A,LGG,,,,
TCGA-EW-A1PH-01A,BRCA,TARGET-20-PASGWH-09A,AML,TCGA-DU-A5TR-01A,LGG,,,,
TCGA-E9-A3X8-01A,BRCA,TARGET-20-PAWYUC-09A,AML,TCGA-DB-A64X-01A,LGG,,,,
TCGA-A2-A25F-01A,BRCA,TARGET-20-PAXLMS-09A,AML,TCGA-CS-6670-01A,LGG,,,,
TCGA-A8-A07R-01A,BRCA,TARGET-20-PAWJIM-09A,AML,TCGA-DB-A64R-01A,LGG,,,,
TCGA-AN-A0XS-01A,BRCA,TARGET-20-PAVBCV-09A,AML,TCGA-DU-A5TW-01A,LGG,,,,
TCGA-BH-A18I-01A,BRCA,TARGET-20-PAUZLS-09A,AML,TCGA-DB-5270-01A,LGG,,,,
TCGA-E2-A15R-01A,BRCA,TARGET-20-PAWYVR-09A,AML,TCGA-IK-8125-01A,LGG,,,,
TCGA-E2-A153-01A,BRCA,TARGET-20-PAWITY-09A,AML,TCGA-HT-7481-01A,LGG,,,,
TCGA-E9-A22D-01A,BRCA,TARGET-20-PAVDAB-09A,AML,TCGA-CS-6665-01A,LGG,,,,
TCGA-EW-A424-01A,BRCA,TARGET-20-PAUUWT-09A,AML,TCGA-FG-A6J1-01A,LGG,,,,
TCGA-AO-A0J3-01A,BRCA,TARGET-20-PAVLKB-09A,AML,TCGA-TQ-A7RP-01A,LGG,,,,
TCGA-E2-A10F-01A,BRCA,TARGET-20-PAXEFX-09A,AML,TCGA-CS-6669-01A,LGG,,,,
TCGA-A2-A1G6-01A,BRCA,TARGET-20-PAXDEL-09A,AML,TCGA-E1-5311-01A,LGG,,,,
TCGA-AN-A0XO-01A,BRCA,TARGET-20-PAXBXI-09A,AML,TCGA-DB-5278-01A,LGG,,,,
TCGA-BH-A0HA-01A,BRCA,TARGET-20-PAXIKL-09A,AML,TCGA-FG-8191-01A,LGG,,,,
TCGA-C8-A274-01A,BRCA,TARGET-20-PAWWZL-09A,AML,TCGA-CS-4942-01A,LGG,,,,
TCGA-D8-A1XA-01A,BRCA,TARGET-20-PATLIG-09A,AML,TCGA-DH-5144-01A,LGG,,,,
TCGA-EW-A3U0-01A,BRCA,TARGET-20-PAWZAX-09A,AML,TCGA-HT-8114-01A,LGG,,,,
TCGA-E2-A15M-01A,BRCA,TARGET-20-PAXEWG-09A,AML,TCGA-HT-7620-01A,LGG,,,,
TCGA-BH-A0DS-01A,BRCA,TARGET-20-PAVSIZ-09A,AML,TCGA-S9-A6WI-01A,LGG,,,,
TCGA-C8-A12Q-01A,BRCA,TARGET-20-PAXIJB-09A,AML,TCGA-HT-8010-01A,LGG,,,,
TCGA-E2-A14Z-01A,BRCA,TARGET-20-PASXSF-09A,AML,TCGA-DB-5274-01A,LGG,,,,
TCGA-BH-A1EO-01A,BRCA,TARGET-20-PAWFFJ-09A,AML,TCGA-TQ-A8XE-01A,LGG,,,,
TCGA-EW-A1OZ-01A,BRCA,TARGET-20-PATHMB-09A,AML,TCGA-FG-7641-01B,LGG,,,,
TCGA-A8-A07G-01A,BRCA,TARGET-20-PAVXZS-09A,AML,TCGA-FG-8188-01A,LGG,,,,
TCGA-A1-A0SO-01A,BRCA,TARGET-20-PARDDA-09A,AML,TCGA-DB-5281-01A,LGG,,,,
TCGA-E9-A1N8-01A,BRCA,TARGET-20-PAUPSS-09A,AML,TCGA-DU-7292-01A,LGG,,,,
TCGA-D8-A1XK-01A,BRCA,TARGET-20-PARLMY-09A,AML,TCGA-S9-A6WQ-01A,LGG,,,,
TCGA-EW-A6SD-01A,BRCA,TARGET-20-PAWKMU-09A,AML,TCGA-TM-A7CF-02A,LGG,,,,
TCGA-BH-A18G-01A,BRCA,TARGET-20-PAURKG-09A,AML,TCGA-HT-7694-01A,LGG,,,,
TCGA-A8-A09R-01A,BRCA,TARGET-20-PAVSJN-09A,AML,TCGA-WH-A86K-01A,LGG,,,,
TCGA-BH-A1FM-01A,BRCA,TARGET-20-PAVERG-09A,AML,TCGA-HT-A5R7-01A,LGG,,,,
TCGA-BH-A0HI-01A,BRCA,TARGET-20-PAVAFJ-09A,AML,TCGA-VM-A8CE-01A,LGG,,,,
TCGA-C8-A1HI-01A,BRCA,TARGET-20-PASWPT-09A,AML,TCGA-FG-8181-01A,LGG,,,,
TCGA-AR-A1AW-01A,BRCA,TARGET-20-PAVYPX-09A,AML,TCGA-HT-7677-01A,LGG,,,,
TCGA-E2-A1BC-01A,BRCA,TARGET-20-PAUWPW-09A,AML,TCGA-HT-7603-01A,LGG,,,,
TCGA-BH-A0W4-01A,BRCA,TARGET-20-PASDIR-09A,AML,TCGA-VM-A8CD-01A,LGG,,,,
TCGA-E2-A1L9-01A,BRCA,TARGET-20-PASMGW-09A,AML,TCGA-HT-7608-01A,LGG,,,,
TCGA-OL-A66I-01A,BRCA,TARGET-21-PASLZE-09A,AML,TCGA-S9-A89Z-01A,LGG,,,,
TCGA-OL-A66L-01A,BRCA,TARGET-20-PAWVGN-09A,AML,TCGA-R8-A73M-01A,LGG,,,,
TCGA-LL-A7T0-01A,BRCA,TARGET-20-PARFKS-09A,AML,TCGA-S9-A6U1-01A,LGG,,,,
TCGA-A8-A0A6-01A,BRCA,TARGET-20-PASUCA-09A,AML,TCGA-DU-5851-01A,LGG,,,,
TCGA-A7-A13E-01B,BRCA,TARGET-20-PAXLVV-09A,AML,TCGA-HW-8320-01A,LGG,,,,
TCGA-A8-A06O-01A,BRCA,TARGET-20-PAVTIP-09A,AML,TCGA-E1-A7YS-01A,LGG,,,,
TCGA-AC-A2B8-01A,BRCA,TARGET-20-PAWEKW-09A,AML,TCGA-E1-A7YO-01A,LGG,,,,
TCGA-D8-A1Y2-01A,BRCA,TARGET-20-PAWLRX-09A,AML,TCGA-TM-A84G-01A,LGG,,,,
TCGA-LD-A74U-01A,BRCA,TARGET-20-PAWPLE-09A,AML,TCGA-TM-A7C4-01A,LGG,,,,
TCGA-C8-A3M7-01A,BRCA,TARGET-20-PAWVLB-09A,AML,TCGA-DU-7304-01A,LGG,,,,
TCGA-A7-A425-01A,BRCA,TARGET-20-PAVTDU-09A,AML,TCGA-HT-7474-01A,LGG,,,,
TCGA-AC-A2FE-01A,BRCA,TARGET-20-PASKPI-09A,AML,TCGA-FG-8182-01A,LGG,,,,
TCGA-A7-A26J-01B,BRCA,TARGET-20-PASMYS-09A,AML,TCGA-DU-A7TI-01A,LGG,,,,
TCGA-BH-A18F-01A,BRCA,TARGET-20-PAPBEJ-09A,AML,TCGA-HT-8106-01A,LGG,,,,
TCGA-C8-A26W-01A,BRCA,TARGET-20-PAWUUY-09A,AML,TCGA-FG-5965-02A,LGG,,,,
TCGA-E2-A15A-01A,BRCA,TARGET-20-PASGCE-09A,AML,TCGA-FN-7833-01A,LGG,,,,
TCGA-A2-A0SU-01A,BRCA,TARGET-20-PAXLVU-09A,AML,TCGA-HT-7686-01A,LGG,,,,
TCGA-AN-A03X-01A,BRCA,TARGET-20-PASPTW-09A,AML,TCGA-DB-A64P-01A,LGG,,,,
TCGA-AR-A24Q-01A,BRCA,TARGET-20-PAXKKE-09A,AML,TCGA-FG-A60J-01A,LGG,,,,
TCGA-E2-A1B5-01A,BRCA,TARGET-20-PAWCCR-09A,AML,TCGA-DU-7009-01A,LGG,,,,
TCGA-D8-A1JA-01A,BRCA,TARGET-20-PAWGYG-09A,AML,TCGA-HT-7609-01A,LGG,,,,
TCGA-A8-A08Z-01A,BRCA,TARGET-20-PASWIM-09A,AML,TCGA-S9-A7J3-01A,LGG,,,,
TCGA-D8-A1XS-01A,BRCA,TARGET-20-PAWUAE-09A,AML,TCGA-DU-A7T8-01A,LGG,,,,
TCGA-AC-A2BK-01A,BRCA,TARGET-20-PASPTM-09A,AML,TCGA-HT-7611-01A,LGG,,,,
TCGA-AC-A3OD-01B,BRCA,TARGET-20-PASZUT-09A,AML,TCGA-TQ-A8XE-02A,LGG,,,,
TCGA-A7-A6VY-01A,BRCA,TARGET-20-PAULRS-09A,AML,TCGA-DU-6408-01A,LGG,,,,
TCGA-A8-A09B-01A,BRCA,TARGET-20-PAVYYR-09A,AML,TCGA-VV-A829-01A,LGG,,,,
TCGA-B6-A0IP-01A,BRCA,TARGET-20-PAVXZH-09A,AML,TCGA-DB-A4XE-01A,LGG,,,,
TCGA-A2-A0CW-01A,BRCA,TARGET-20-PAWACC-09A,AML,TCGA-RY-A83Y-01A,LGG,,,,
TCGA-BH-A0E2-01A,BRCA,TARGET-20-PARBXE-09A,AML,TCGA-DU-6396-01A,LGG,,,,
TCGA-E9-A1R4-01A,BRCA,TARGET-20-PASFZN-09A,AML,TCGA-DU-6402-01A,LGG,,,,
TCGA-A8-A06R-01A,BRCA,TARGET-20-PAUVCB-09A,AML,TCGA-HW-7493-01A,LGG,,,,
TCGA-BH-A0EE-01A,BRCA,TARGET-20-PAEEYP-09A,AML,TCGA-DU-8166-01A,LGG,,,,
TCGA-E9-A295-01A,BRCA,TARGET-20-PAUYRR-09A,AML,TCGA-HT-7606-01A,LGG,,,,
TCGA-AN-A0FL-01A,BRCA,TARGET-20-PASJXN-09A,AML,TCGA-WY-A85D-01A,LGG,,,,
TCGA-AN-A0AJ-01A,BRCA,TARGET-20-PASKAS-09A,AML,TCGA-TM-A7C3-01A,LGG,,,,
TCGA-A8-A07C-01A,BRCA,TARGET-20-PARDZW-09A,AML,TCGA-TM-A84T-01A,LGG,,,,
TCGA-BH-A0B8-01A,BRCA,TARGET-20-PAXKRR-09A,AML,TCGA-HT-A5RC-01A,LGG,,,,
TCGA-D8-A1JD-01A,BRCA,TARGET-20-PALBYP-09A,AML,TCGA-QH-A6CZ-01A,LGG,,,,
TCGA-B6-A1KI-01A,BRCA,TARGET-20-PANDIX-09A,AML,TCGA-DU-5872-01A,LGG,,,,
TCGA-AR-A2LJ-01A,BRCA,TARGET-20-PANBZH-09A,AML,TCGA-VM-A8CB-01A,LGG,,,,
TCGA-BH-A0BM-01A,BRCA,TARGET-20-PAXCYJ-09A,AML,TCGA-E1-A7YJ-01A,LGG,,,,
TCGA-A8-A07J-01A,BRCA,TARGET-20-PASYWA-09A,AML,TCGA-DU-6406-01A,LGG,,,,
TCGA-BH-A209-01A,BRCA,TARGET-20-PASXAP-09A,AML,TCGA-HT-A4DV-01A,LGG,,,,
TCGA-A7-A13G-01A,BRCA,TARGET-20-PASKFN-09A,AML,TCGA-HT-A614-01A,LGG,,,,
TCGA-E9-A1NE-01A,BRCA,TARGET-20-PAUYCA-09A,AML,TCGA-DU-A5TY-01A,LGG,,,,
TCGA-BH-A0DI-01A,BRCA,TARGET-20-PAWEAD-09A,AML,TCGA-FG-6689-01A,LGG,,,,
TCGA-BH-A0EI-01A,BRCA,TARGET-20-PAVFWI-09A,AML,TCGA-S9-A7IZ-01A,LGG,,,,
TCGA-C8-A26X-01A,BRCA,TARGET-20-PASRUJ-09A,AML,TCGA-P5-A5F1-01A,LGG,,,,
TCGA-A2-A0EO-01A,BRCA,TARGET-20-PAXMPF-09A,AML,TCGA-HT-7902-01A,LGG,,,,
TCGA-A2-A0EQ-01A,BRCA,TARGET-20-PASWGL-09A,AML,TCGA-HW-A5KL-01A,LGG,,,,
TCGA-A8-A09N-01A,BRCA,TARGET-20-PATEEA-09A,AML,TCGA-E1-A7YM-01A,LGG,,,,
TCGA-C8-A12P-01A,BRCA,TARGET-20-PAUSMT-09A,AML,TCGA-CS-5395-01A,LGG,,,,
TCGA-AR-A1AY-01A,BRCA,TARGET-20-PAXGKH-09A,AML,TCGA-FG-8189-01B,LGG,,,,
TCGA-AO-A0J5-01A,BRCA,TARGET-20-PAXARX-09A,AML,TCGA-DU-7299-01A,LGG,,,,
TCGA-LL-A5YN-01A,BRCA,TARGET-20-PAUVER-09A,AML,TCGA-KT-A74X-01A,LGG,,,,
TCGA-AO-A12B-01A,BRCA,TARGET-20-PAWRSU-09A,AML,TCGA-DU-5872-02A,LGG,,,,
TCGA-GM-A4E0-01A,BRCA,TARGET-20-PATISV-09A,AML,TCGA-DB-A4XA-01A,LGG,,,,
TCGA-BH-A0DG-01A,BRCA,TARGET-20-PAVCRM-09A,AML,TCGA-TM-A84F-01A,LGG,,,,
TCGA-B6-A3ZX-01A,BRCA,TARGET-20-PAWXZJ-09A,AML,TCGA-P5-A72Z-01A,LGG,,,,
TCGA-AC-A3OD-01A,BRCA,TARGET-20-PASTHA-09A,AML,TCGA-KT-A7W1-01A,LGG,,,,
TCGA-E9-A1NA-01A,BRCA,TARGET-20-PATBYV-09A,AML,TCGA-HT-8105-01A,LGG,,,,
TCGA-A2-A0YH-01A,BRCA,TARGET-20-PAPZFV-09A,AML,TCGA-VM-A8CF-01A,LGG,,,,
TCGA-A7-A0DC-01B,BRCA,TARGET-20-PAWNFJ-09A,AML,TCGA-CS-6290-01A,LGG,,,,
TCGA-AR-A0TQ-01A,BRCA,TARGET-20-PAUUCG-09A,AML,TCGA-S9-A6WP-01A,LGG,,,,
TCGA-BH-A0BQ-01A,BRCA,TARGET-20-PANINI-09A,AML,TCGA-S9-A6TV-01A,LGG,,,,
TCGA-C8-A26Y-01A,BRCA,TARGET-20-PAWWWL-09A,AML,TCGA-S9-A6WH-01A,LGG,,,,
TCGA-B6-A0RH-01A,BRCA,TARGET-20-PAVDPF-09A,AML,TCGA-HT-A5RB-01A,LGG,,,,
TCGA-BH-A0E1-01A,BRCA,TARGET-20-PATASP-09A,AML,TCGA-DB-A75O-01A,LGG,,,,
TCGA-A1-A0SF-01A,BRCA,TARGET-20-PAVUVD-09A,AML,TCGA-WY-A85A-01A,LGG,,,,
TCGA-LL-A740-01A,BRCA,TARGET-20-PAXAFN-09A,AML,TCGA-HW-A5KM-01A,LGG,,,,
TCGA-E9-A1RC-01A,BRCA,TCGA-AB-2957-03A,LAML,TCGA-DU-8165-01A,LGG,,,,
TCGA-GM-A3XG-01A,BRCA,TCGA-AB-2803-03A,LAML,TCGA-RY-A83Z-01A,LGG,,,,
TCGA-BH-A0HX-01A,BRCA,TCGA-AB-2972-03A,LAML,TCGA-DB-A64V-01A,LGG,,,,
TCGA-AO-A1KP-01A,BRCA,TCGA-AB-2994-03A,LAML,TCGA-P5-A737-01A,LGG,,,,
TCGA-A2-A04T-01A,BRCA,TCGA-AB-2976-03A,LAML,TCGA-HT-7881-01A,LGG,,,,
TCGA-D8-A1JJ-01A,BRCA,TCGA-AB-2922-03A,LAML,TCGA-HW-7490-01A,LGG,,,,
TCGA-BH-A0AV-01A,BRCA,TCGA-AB-2901-03A,LAML,TCGA-CS-6186-01A,LGG,,,,
TCGA-S3-AA14-01A,BRCA,TCGA-AB-2842-03A,LAML,TCGA-DU-7304-02A,LGG,,,,
TCGA-AC-A4ZE-01A,BRCA,TCGA-AB-2858-03A,LAML,TCGA-DB-A64O-01A,LGG,,,,
TCGA-AC-A23G-01A,BRCA,TCGA-AB-2988-03C,LAML,TCGA-DH-5141-01A,LGG,,,,
TCGA-BH-A201-01A,BRCA,TCGA-AB-2813-03A,LAML,TCGA-HT-8563-01A,LGG,,,,
TCGA-C8-A27B-01A,BRCA,TCGA-AB-2815-03A,LAML,TCGA-DB-5273-01A,LGG,,,,
TCGA-A7-A3IZ-01A,BRCA,TCGA-AB-2873-03A,LAML,TCGA-FG-A713-01A,LGG,,,,
TCGA-AR-A5QM-01A,BRCA,TCGA-AB-2839-03A,LAML,TCGA-FG-7634-01A,LGG,,,,
TCGA-E2-A15I-01A,BRCA,TCGA-AB-2869-03A,LAML,TCGA-P5-A5F6-01A,LGG,,,,
TCGA-AO-A0JJ-01A,BRCA,TCGA-AB-2814-03A,LAML,TCGA-P5-A731-01A,LGG,,,,
TCGA-A7-A13H-01A,BRCA,TCGA-AB-2874-03A,LAML,TCGA-P5-A72X-01A,LGG,,,,
TCGA-D8-A1JB-01A,BRCA,TCGA-AB-2964-03A,LAML,TCGA-DB-A4XC-01A,LGG,,,,
TCGA-PE-A5DD-01A,BRCA,TCGA-AB-2950-03A,LAML,TCGA-DB-A4XF-01A,LGG,,,,
TCGA-BH-A0HP-01A,BRCA,TCGA-AB-2938-03A,LAML,TCGA-FG-A711-01A,LGG,,,,
TCGA-5L-AAT1-01A,BRCA,TCGA-AB-2802-03A,LAML,TCGA-DU-A5TU-01A,LGG,,,,
TCGA-AO-A0J9-01A,BRCA,TCGA-AB-2890-03A,LAML,TCGA-DU-7006-01A,LGG,,,,
TCGA-EW-A1J5-01A,BRCA,TCGA-AB-2853-03A,LAML,TCGA-S9-A6U2-01A,LGG,,,,
TCGA-EW-A1IW-01A,BRCA,TCGA-AB-2892-03A,LAML,TCGA-P5-A5EU-01A,LGG,,,,
TCGA-AC-A2FB-01A,BRCA,TCGA-AB-2963-03A,LAML,TCGA-QH-A6XA-01A,LGG,,,,
TCGA-A8-A09Q-01A,BRCA,TCGA-AB-2981-03C,LAML,TCGA-E1-A7YV-01A,LGG,,,,
TCGA-B6-A0RT-01A,BRCA,TCGA-AB-2805-03A,LAML,TCGA-DU-6394-01A,LGG,,,,
TCGA-B6-A1KN-01A,BRCA,TCGA-AB-2816-03A,LAML,TCGA-F6-A8O4-01A,LGG,,,,
TCGA-D8-A27T-01A,BRCA,TCGA-AB-2810-03A,LAML,TCGA-E1-A7YN-01A,LGG,,,,
TCGA-D8-A27N-01A,BRCA,TCGA-AB-2817-03A,LAML,TCGA-DU-5855-01A,LGG,,,,
TCGA-E2-A14P-01A,BRCA,TCGA-AB-2970-03A,LAML,TCGA-DU-6401-01A,LGG,,,,
TCGA-A7-A0DB-01C,BRCA,TCGA-AB-3012-03A,LAML,TCGA-HT-8109-01A,LGG,,,,
TCGA-B6-A0I6-01A,BRCA,TCGA-AB-2915-03A,LAML,TCGA-P5-A5EY-01A,LGG,,,,
TCGA-D8-A140-01A,BRCA,TCGA-AB-2884-03A,LAML,TCGA-R8-A6MK-01A,LGG,,,,
TCGA-D8-A1XR-01A,BRCA,TCGA-AB-2954-03A,LAML,TCGA-E1-A7YD-01A,LGG,,,,
TCGA-A2-A0YD-01A,BRCA,TCGA-AB-2863-03A,LAML,TCGA-HT-A74L-01A,LGG,,,,
TCGA-E2-A15O-01A,BRCA,TCGA-AB-2937-03A,LAML,TCGA-HT-7602-01A,LGG,,,,
TCGA-C8-A8HR-01A,BRCA,TCGA-AB-2911-03A,LAML,TCGA-QH-A6XC-01A,LGG,,,,
TCGA-LD-A7W6-01A,BRCA,TCGA-AB-2822-03A,LAML,TCGA-HT-7855-01A,LGG,,,,
TCGA-E2-A1LH-01A,BRCA,TCGA-AB-2870-03A,LAML,TCGA-HT-7693-01A,LGG,,,,
TCGA-XX-A89A-01A,BRCA,TCGA-AB-2956-03A,LAML,TCGA-DH-A66B-01A,LGG,,,,
TCGA-E9-A1RD-01A,BRCA,TCGA-AB-2921-03A,LAML,TCGA-DU-A7TJ-01A,LGG,,,,
TCGA-EW-A1J1-01A,BRCA,TCGA-AB-3000-03A,LAML,TCGA-DU-A5TP-01A,LGG,,,,
TCGA-A2-A0D1-01A,BRCA,TCGA-AB-3008-03A,LAML,TCGA-DB-A4XH-01A,LGG,,,,
TCGA-BH-A204-01A,BRCA,TCGA-AB-2812-03A,LAML,TCGA-HW-8321-01A,LGG,,,,
TCGA-GM-A2DC-01A,BRCA,TCGA-AB-2877-03A,LAML,TCGA-QH-A6X9-01A,LGG,,,,
TCGA-BH-A0BT-01A,BRCA,TCGA-AB-2941-03A,LAML,TCGA-HT-7882-01A,LGG,,,,
TCGA-E2-A1IJ-01A,BRCA,TCGA-AB-2959-03A,LAML,TCGA-W9-A837-01A,LGG,,,,
TCGA-A2-A0EV-01A,BRCA,TCGA-AB-2820-03A,LAML,TCGA-DH-A66G-01A,LGG,,,,
TCGA-A2-A0EP-01A,BRCA,TCGA-AB-2914-03A,LAML,TCGA-TM-A84I-01A,LGG,,,,
TCGA-E9-A1RH-01A,BRCA,TCGA-AB-2851-03A,LAML,TCGA-S9-A6WD-01A,LGG,,,,
TCGA-BH-A0DX-01A,BRCA,TCGA-AB-2979-03A,LAML,TCGA-HT-A74O-01A,LGG,,,,
TCGA-E9-A1RA-01A,BRCA,TCGA-AB-3009-03A,LAML,TCGA-QH-A6X3-01A,LGG,,,,
TCGA-A1-A0SQ-01A,BRCA,TCGA-AB-2947-03A,LAML,TCGA-E1-5319-01A,LGG,,,,
TCGA-B6-A0I8-01A,BRCA,TCGA-AB-2838-03A,LAML,TCGA-P5-A77X-01A,LGG,,,,
TCGA-AO-A0JB-01A,BRCA,TCGA-AB-2999-03A,LAML,TCGA-FG-5965-01B,LGG,,,,
TCGA-BH-A1ET-01A,BRCA,TCGA-AB-3005-03A,LAML,TCGA-DU-7298-01A,LGG,,,,
TCGA-AO-A12F-01A,BRCA,TARGET-10-PASCIU-03A,ALL,TCGA-FG-5965-02B,LGG,,,,
TCGA-A7-A0CH-01A,BRCA,TARGET-10-PANSUL-09A,ALL,TCGA-S9-A7J0-01A,LGG,,,,
TCGA-A2-A3XZ-01A,BRCA,TARGET-10-PASREU-09B,ALL,TCGA-S9-A7R8-01A,LGG,,,,
TCGA-B6-A408-01A,BRCA,TARGET-10-PANTSM-09A,ALL,TCGA-P5-A5EZ-01A,LGG,,,,
TCGA-A7-A0CE-01A,BRCA,TARGET-10-PANSHK-09A,ALL,TCGA-S9-A7R1-01A,LGG,,,,
TCGA-E9-A3QA-01A,BRCA,TARGET-10-PANRDC-03A,ALL,TCGA-E1-5302-01A,LGG,,,,
TCGA-E2-A15H-01A,BRCA,TARGET-10-PAPFXN-09A,ALL,TCGA-DU-7301-01A,LGG,,,,
TCGA-5L-AAT0-01A,BRCA,TARGET-10-PARBVI-09A,ALL,TCGA-S9-A7QZ-01A,LGG,,,,
TCGA-D8-A146-01A,BRCA,TARGET-10-PARARJ-09A,ALL,TCGA-TQ-A7RI-01A,LGG,,,,
TCGA-GI-A2C8-01A,BRCA,TARGET-10-PANEPX-03A,ALL,TCGA-FG-A87Q-01A,LGG,,,,
TCGA-MS-A51U-01A,BRCA,TARGET-10-PAPGFP-09A,ALL,TCGA-DB-5279-01A,LGG,,,,
TCGA-BH-A0C7-01B,BRCA,TARGET-10-PAPEJN-09A,ALL,TCGA-E1-A7YL-01A,LGG,,,,
TCGA-B6-A1KC-01B,BRCA,TARGET-10-PANXDR-09A,ALL,TCGA-S9-A6U9-01A,LGG,,,,
TCGA-E2-A15J-01A,BRCA,TARGET-10-PANKMB-09A,ALL,TCGA-DU-A76L-01A,LGG,,,,
TCGA-A2-A4S2-01A,BRCA,TARGET-10-PASXZH-09B,ALL,TCGA-S9-A7J1-01A,LGG,,,,
TCGA-E9-A244-01A,BRCA,TARGET-10-PATCTI-09A,ALL,TCGA-TQ-A7RM-01A,LGG,,,,
TCGA-AC-A2QI-01A,BRCA,TARGET-10-PARYAJ-09B,ALL,TCGA-RY-A845-01A,LGG,,,,
TCGA-C8-A12N-01A,BRCA,TARGET-10-PAPSPN-09A,ALL,TCGA-WY-A85E-01A,LGG,,,,
TCGA-EW-A2FV-01A,BRCA,TARGET-10-PARNSH-03A,ALL,TCGA-P5-A5EX-01A,LGG,,,,
TCGA-A2-A0YF-01A,BRCA,TARGET-10-PASTLM-03B,ALL,TCGA-HT-7607-01A,LGG,,,,
TCGA-E2-A14R-01A,BRCA,TARGET-10-PARJLA-09B,ALL,,,,,,
TCGA-BH-A208-01A,BRCA,TARGET-10-PASXFY-09B,ALL,,,,,,
TCGA-AR-A0U3-01A,BRCA,TARGET-10-PARLEK-03A,ALL,,,,,,
TCGA-E9-A1R2-01A,BRCA,TARGET-10-PAMXSP-09A,ALL,,,,,,
TCGA-E2-A2P6-01A,BRCA,TARGET-10-PARUGP-09A,ALL,,,,,,
TCGA-D8-A1J8-01A,BRCA,TARGET-10-PAPJXI-09A,ALL,,,,,,
TCGA-BH-A1FR-01A,BRCA,TARGET-10-PANZPJ-09A,ALL,,,,,,
TCGA-D8-A1XM-01A,BRCA,TARGET-10-PARVWD-09A,ALL,,,,,,
TCGA-AR-A255-01A,BRCA,TARGET-10-PARACA-09A,ALL,,,,,,
TCGA-AO-A126-01A,BRCA,TARGET-10-PAPBFN-09A,ALL,,,,,,
TCGA-A7-A4SC-01A,BRCA,TARGET-10-PAPNFY-03A,ALL,,,,,,
TCGA-A8-A09C-01A,BRCA,TARGET-10-PAPRMM-09B,ALL,,,,,,
TCGA-A2-A0CV-01A,BRCA,TARGET-10-PARPZJ-03A,ALL,,,,,,
TCGA-BH-A0BG-01A,BRCA,TARGET-10-PARSLL-09B,ALL,,,,,,
TCGA-D8-A142-01A,BRCA,TARGET-10-PARUAT-09B,ALL,,,,,,
TCGA-D8-A1Y1-01A,BRCA,TARGET-10-PANSBK-03B,ALL,,,,,,
TCGA-A8-A08G-01A,BRCA,TARGET-10-PASIZE-09B,ALL,,,,,,
TCGA-EW-A1IX-01A,BRCA,TARGET-10-PAPNMY-09A,ALL,,,,,,
TCGA-BH-A1FN-01A,BRCA,TARGET-10-PATEVE-09B,ALL,,,,,,
TCGA-BH-A0BZ-01A,BRCA,TARGET-10-PANCVR-03A,ALL,,,,,,
TCGA-E2-A14X-01A,BRCA,TARGET-10-PANWFB-09A,ALL,,,,,,
TCGA-A8-A07F-01A,BRCA,TARGET-10-PARPNM-09A,ALL,,,,,,
TCGA-AC-A3TN-01A,BRCA,TARGET-10-PARBRK-09A,ALL,,,,,,
TCGA-B6-A0WZ-01A,BRCA,TARGET-10-PANSXG-09A,ALL,,,,,,
TCGA-AO-A12H-01A,BRCA,TARGET-10-PAPLTZ-09A,ALL,,,,,,
TCGA-B6-A0IG-01A,BRCA,TARGET-10-PAPDUF-09A,ALL,,,,,,
TCGA-BH-A0H5-01A,BRCA,TARGET-10-PANRAL-03A,ALL,,,,,,
TCGA-AR-A24U-01A,BRCA,TARGET-10-PAPTLM-09A,ALL,,,,,,
TCGA-OL-A5D7-01A,BRCA,TARGET-10-PARWVN-03A,ALL,,,,,,
TCGA-BH-A1F2-01A,BRCA,TARGET-10-PASUBW-09A,ALL,,,,,,
TCGA-D8-A13Y-01A,BRCA,TARGET-10-PANSPW-09A,ALL,,,,,,
TCGA-AO-A0J4-01A,BRCA,TARGET-10-PAPTAT-09B,ALL,,,,,,
TCGA-AR-A250-01A,BRCA,TARGET-10-PARSGC-03A,ALL,,,,,,
TCGA-B6-A1KC-01A,BRCA,BLGSP-71-06-00011-01B,BLGSP,,,,,,
TCGA-S3-AA17-01A,BRCA,BLGSP-71-06-00253-01A,BLGSP,,,,,,
TCGA-B6-A0IK-01A,BRCA,BLGSP-71-27-00509-01A,BLGSP,,,,,,
TCGA-E9-A227-01A,BRCA,BLGSP-71-08-00041-01A,BLGSP,,,,,,
TCGA-OK-A5Q2-01A,BRCA,BLGSP-71-08-00199-01A,BLGSP,,,,,,
TCGA-BH-A1FE-01A,BRCA,BLGSP-71-06-00158-01A,BLGSP,,,,,,
TCGA-A2-A04U-01A,BRCA,BLGSP-71-08-00432-01B,BLGSP,,,,,,
TCGA-AC-A2FG-01A,BRCA,BLGSP-71-06-00160-01A,BLGSP,,,,,,
TCGA-AN-A0FD-01A,BRCA,BLGSP-71-06-00154-01A,BLGSP,,,,,,
TCGA-AO-A129-01A,BRCA,BLGSP-71-23-00440-01A,BLGSP,,,,,,
TCGA-BH-A0H9-01A,BRCA,BLGSP-71-08-00059-01A,BLGSP,,,,,,
TCGA-D8-A1JE-01A,BRCA,BLGSP-71-08-00021-01A,BLGSP,,,,,,
TCGA-B6-A2IU-01A,BRCA,BLGSP-71-27-00425-01A,BLGSP,,,,,,
TCGA-EW-A2FW-01A,BRCA,BLGSP-71-08-00210-01A,BLGSP,,,,,,
TCGA-E2-A14V-01A,BRCA,BLGSP-71-23-00456-01A,BLGSP,,,,,,
TCGA-E2-A15T-01A,BRCA,BLGSP-71-08-00043-01A,BLGSP,,,,,,
TCGA-BH-A0HK-01A,BRCA,BLGSP-71-06-00254-01A,BLGSP,,,,,,
TCGA-C8-A12M-01A,BRCA,BLGSP-71-06-00098-01A,BLGSP,,,,,,
TCGA-C8-A132-01A,BRCA,BLGSP-71-06-00160-01B,BLGSP,,,,,,
TCGA-A8-A09I-01A,BRCA,BLGSP-71-19-00111-01A,BLGSP,,,,,,
TCGA-BH-A0B0-01A,BRCA,BLGSP-71-19-00127-04A.1,BLGSP,,,,,,
TCGA-A8-A09M-01A,BRCA,BLGSP-71-06-00157-01A,BLGSP,,,,,,
TCGA-AQ-A0Y5-01A,BRCA,BLGSP-71-06-00169-01B,BLGSP,,,,,,
TCGA-E2-A576-01A,BRCA,BLGSP-71-23-00409-01A,BLGSP,,,,,,
TCGA-AQ-A54O-01A,BRCA,BLGSP-71-08-00053-01A,BLGSP,,,,,,
TCGA-E2-A573-01A,BRCA,BLGSP-71-08-00030-01A,BLGSP,,,,,,
TCGA-E9-A1R7-01A,BRCA,BLGSP-71-19-00133-09A.1,BLGSP,,,,,,
TCGA-PE-A5DE-01A,BRCA,BLGSP-71-08-00219-01A,BLGSP,,,,,,
TCGA-E2-A3DX-01A,BRCA,BLGSP-71-06-00086-01B,BLGSP,,,,,,
TCGA-EW-A1P7-01A,BRCA,BLGSP-71-23-00401-01A,BLGSP,,,,,,
TCGA-B6-A40C-01A,BRCA,BLGSP-71-08-00033-01A,BLGSP,,,,,,
TCGA-OL-A5RU-01A,BRCA,BLGSP-71-06-00001-01A,BLGSP,,,,,,
TCGA-AO-A03M-01B,BRCA,BLGSP-71-26-00398-01A,BLGSP,,,,,,
TCGA-A7-A0DC-01A,BRCA,BLGSP-71-06-00071-01B,BLGSP,,,,,,
TCGA-A1-A0SE-01A,BRCA,BLGSP-71-06-00167-01A,BLGSP,,,,,,
TCGA-AQ-A54N-01A,BRCA,BLGSP-71-06-00251-01C,BLGSP,,,,,,
TCGA-BH-A1F5-01A,BRCA,BLGSP-71-19-00118-09A,BLGSP,,,,,,
TCGA-A7-A5ZW-01A,BRCA,BLGSP-71-06-00289-01A,BLGSP,,,,,,
TCGA-A2-A1FZ-01A,BRCA,BLGSP-71-23-00468-01A,BLGSP,,,,,,
TCGA-A8-A096-01A,BRCA,BLGSP-71-06-00015-01B,BLGSP,,,,,,
TCGA-D8-A1XJ-01A,BRCA,BLGSP-71-08-00036-01B,BLGSP,,,,,,
TCGA-B6-A0WW-01A,BRCA,BLGSP-71-06-00162-01A,BLGSP,,,,,,
TCGA-E9-A243-01A,BRCA,BLGSP-71-06-00078-01B,BLGSP,,,,,,
TCGA-GM-A2DN-01A,BRCA,BLGSP-71-08-00034-01A,BLGSP,,,,,,
TCGA-B6-A0WT-01A,BRCA,BLGSP-71-06-00149-01B,BLGSP,,,,,,
TCGA-BH-A1EX-01A,BRCA,BLGSP-71-06-00145-01A,BLGSP,,,,,,
TCGA-PL-A8LV-01A,BRCA,BLGSP-71-06-00094-01A,BLGSP,,,,,,
TCGA-AC-A3YI-01A,BRCA,BLGSP-71-08-00207-01A,BLGSP,,,,,,
TCGA-BH-A0BF-01A,BRCA,BLGSP-71-06-00142-01B,BLGSP,,,,,,
TCGA-AR-A0U2-01A,BRCA,BLGSP-71-08-00204-01A,BLGSP,,,,,,
TCGA-A8-A08H-01A,BRCA,BLGSP-71-06-00137-01A,BLGSP,,,,,,
TCGA-B6-A0RG-01A,BRCA,BLGSP-71-08-00035-01A,BLGSP,,,,,,
TCGA-AN-A04C-01A,BRCA,BLGSP-71-06-00252-01A,BLGSP,,,,,,
TCGA-AN-A0XT-01A,BRCA,BLGSP-71-08-00191-01A,BLGSP,,,,,,
TCGA-B6-A0X5-01A,BRCA,BLGSP-71-22-00334-01A,BLGSP,,,,,,
TCGA-BH-A0HL-01A,BRCA,BLGSP-71-06-00143-01A,BLGSP,,,,,,
TCGA-B6-A0X7-01A,BRCA,BLGSP-71-06-00164-01C,BLGSP,,,,,,
TCGA-AC-A3QP-01A,BRCA,BLGSP-71-06-00088-01A,BLGSP,,,,,,
TCGA-GM-A2D9-01A,BRCA,BLGSP-71-06-00012-01A,BLGSP,,,,,,
TCGA-AC-A8OP-01A,BRCA,BLGSP-71-08-00023-01A,BLGSP,,,,,,
TCGA-EW-A1PD-01A,BRCA,BLGSP-71-06-00342-01A,BLGSP,,,,,,
TCGA-BH-A0B5-01A,BRCA,BLGSP-71-27-00512-01A,BLGSP,,,,,,
TCGA-A1-A0SN-01A,BRCA,BLGSP-71-19-00108-01A,BLGSP,,,,,,
TCGA-B6-A0IB-01A,BRCA,BLGSP-71-08-00205-01A,BLGSP,,,,,,
TCGA-E9-A22G-01A,BRCA,BLGSP-71-06-00074-01B,BLGSP,,,,,,
TCGA-OL-A5RZ-01A,BRCA,BLGSP-71-08-00038-01A,BLGSP,,,,,,
TCGA-BH-A1FC-01A,BRCA,BLGSP-71-08-00048-01A,BLGSP,,,,,,
TCGA-AC-A2FM-01A,BRCA,BLGSP-71-06-00081-01E,BLGSP,,,,,,
TCGA-AR-A1AL-01A,BRCA,BLGSP-71-19-00123-09A.1,BLGSP,,,,,,
TCGA-A8-A06U-01A,BRCA,BLGSP-71-27-00513-01A,BLGSP,,,,,,
TCGA-B6-A0RQ-01A,BRCA,BLGSP-71-06-00076-01A,BLGSP,,,,,,
TCGA-AR-A0TV-01A,BRCA,BLGSP-71-08-00194-01A,BLGSP,,,,,,
TCGA-A7-A26J-01A,BRCA,BLGSP-71-06-00340-01A,BLGSP,,,,,,
TCGA-E2-A1IK-01A,BRCA,BLGSP-71-06-00020-01B,BLGSP,,,,,,
TCGA-GI-A2C9-01A,BRCA,BLGSP-71-23-00370-01A,BLGSP,,,,,,
TCGA-A2-A3XX-01A,BRCA,BLGSP-71-06-00019-01B,BLGSP,,,,,,
TCGA-BH-A0DZ-01A,BRCA,BLGSP-71-06-00075-01C,BLGSP,,,,,,
TCGA-A8-A0A1-01A,BRCA,BLGSP-71-06-00084-01B,BLGSP,,,,,,
TCGA-A8-A07P-01A,BRCA,BLGSP-71-06-00005-01A,BLGSP,,,,,,
TCGA-AN-A0XV-01A,BRCA,BLGSP-71-06-00142-01A,BLGSP,,,,,,
TCGA-C8-A130-01A,BRCA,BLGSP-71-19-00105-01A,BLGSP,,,,,,
TCGA-AO-A0JA-01A,BRCA,BLGSP-71-06-00020-01A,BLGSP,,,,,,
TCGA-S3-AA10-01A,BRCA,BLGSP-71-06-00087-01A,BLGSP,,,,,,
TCGA-A8-A08X-01A,BRCA,BLGSP-71-23-00452-01A,BLGSP,,,,,,
TCGA-AR-A2LK-01A,BRCA,BLGSP-71-19-00104-01A,BLGSP,,,,,,
TCGA-AC-A2FO-01A,BRCA,BLGSP-71-27-00411-01A,BLGSP,,,,,,
TCGA-LL-A5YL-01A,BRCA,BLGSP-71-08-00200-01A,BLGSP,,,,,,
TCGA-S3-AA12-01A,BRCA,BLGSP-71-06-00165-01A,BLGSP,,,,,,
TCGA-LL-A7SZ-01A,BRCA,BLGSP-71-06-00004-01A,BLGSP,,,,,,
TCGA-AC-A5EH-01A,BRCA,BLGSP-71-23-00591-01A,BLGSP,,,,,,
TCGA-A2-A1FV-01A,BRCA,BLGSP-71-32-00691-01A,BLGSP,,,,,,
TCGA-D8-A3Z5-01A,BRCA,BLGSP-71-23-00406-01A,BLGSP,,,,,,
TCGA-GM-A2DO-01A,BRCA,BLGSP-71-06-00089-01B,BLGSP,,,,,,
TCGA-E9-A1R5-01A,BRCA,BLGSP-71-32-00694-01A,BLGSP,,,,,,
TCGA-A1-A0SJ-01A,BRCA,BLGSP-71-06-00019-01A,BLGSP,,,,,,
TCGA-A8-A0A9-01A,BRCA,BLGSP-71-06-00169-01A,BLGSP,,,,,,
TCGA-AN-A0AK-01A,BRCA,BLGSP-71-08-00026-01B,BLGSP,,,,,,
TCGA-D8-A1X5-01A,BRCA,BLGSP-71-06-00002-01C,BLGSP,,,,,,
TCGA-A8-A07O-01A,BRCA,BLGSP-71-19-00522-09A,BLGSP,,,,,,
TCGA-AO-A0JC-01A,BRCA,BLGSP-71-22-00337-01A,BLGSP,,,,,,
TCGA-C8-A138-01A,BRCA,BLGSP-71-06-00008-01A,BLGSP,,,,,,
TCGA-B6-A0RS-01A,BRCA,BLGSP-71-32-00693-01A,BLGSP,,,,,,
TCGA-A7-A56D-01A,BRCA,BLGSP-71-08-00036-01A,BLGSP,,,,,,
TCGA-BH-A0HY-01A,BRCA,BLGSP-71-06-00292-01A,BLGSP,,,,,,
TCGA-A7-A4SA-01A,BRCA,BLGSP-71-06-00155-01A,BLGSP,,,,,,
TCGA-E2-A1BD-01A,BRCA,BLGSP-71-06-00163-01A,BLGSP,,,,,,
TCGA-AC-A6NO-01A,BRCA,BLGSP-71-06-00162-01B,BLGSP,,,,,,
TCGA-AC-A2BM-01A,BRCA,BLGSP-71-06-00255-01B,BLGSP,,,,,,
TCGA-AO-A12D-01A,BRCA,BLGSP-71-06-00159-01A,BLGSP,,,,,,
TCGA-A2-A0SX-01A,BRCA,BLGSP-71-06-00005-01B,BLGSP,,,,,,
TCGA-A8-A09Z-01A,BRCA,BLGSP-71-08-00028-01A,BLGSP,,,,,,
TCGA-E2-A14N-01A,BRCA,BLGSP-71-19-00121-01A,BLGSP,,,,,,
TCGA-EW-A6SC-01A,BRCA,BLGSP-71-27-00420-01A,BLGSP,,,,,,
TCGA-AC-A7VB-01A,BRCA,BLGSP-71-23-00437-01A,BLGSP,,,,,,
TCGA-A8-A08O-01A,BRCA,BLGSP-71-08-00056-01A,BLGSP,,,,,,
TCGA-A2-A4RW-01A,BRCA,BLGSP-71-06-00086-01A,BLGSP,,,,,,
TCGA-AN-A0FV-01A,BRCA,BLGSP-71-23-00433-01A,BLGSP,,,,,,
TCGA-E2-A156-01A,BRCA,BLGSP-71-27-00428-01A,BLGSP,,,,,,
TCGA-AR-A1AM-01A,BRCA,BLGSP-71-08-00039-01A,BLGSP,,,,,,
TCGA-A7-A26I-01A,BRCA,BLGSP-71-06-00075-01B,BLGSP,,,,,,
TCGA-C8-A1HF-01A,BRCA,BLGSP-71-06-00095-01B,BLGSP,,,,,,
TCGA-GM-A3XN-01A,BRCA,BLGSP-71-08-00197-01A,BLGSP,,,,,,
TCGA-A2-A0CS-01A,BRCA,BLGSP-71-17-00359-01A,BLGSP,,,,,,
TCGA-BH-A0DE-01A,BRCA,BLGSP-71-06-00098-01B,BLGSP,,,,,,
TCGA-D8-A1XQ-01A,BRCA,BLGSP-71-17-00356-01A,BLGSP,,,,,,
TCGA-EW-A1IY-01A,BRCA,BLGSP-71-06-00084-01A,BLGSP,,,,,,
TCGA-AN-A041-01A,BRCA,BLGSP-71-23-00367-01A,BLGSP,,,,,,
TCGA-AO-A1KS-01A,BRCA,BLGSP-71-32-00701-01A,BLGSP,,,,,,
TCGA-A8-A094-01A,BRCA,BLGSP-71-32-00695-01A,BLGSP,,,,,,
TCGA-BH-A0BL-01A,BRCA,BLGSP-71-23-00436-01A,BLGSP,,,,,,
TCGA-E9-A22E-01A,BRCA,BLGSP-71-19-00128-09A.1,BLGSP,,,,,,
TCGA-BH-A0B3-01A,BRCA,BLGSP-71-23-00454-01A,BLGSP,,,,,,
TCGA-D8-A1XU-01A,BRCA,BLGSP-71-23-00470-01A,BLGSP,,,,,,
TCGA-BH-A8FZ-01A,BRCA,BLGSP-71-06-00007-01A,BLGSP,,,,,,
TCGA-OL-A6VO-01A,BRCA,BLGSP-71-06-00089-01A,BLGSP,,,,,,
TCGA-E2-A14O-01A,BRCA,BLGSP-71-06-00171-01A,BLGSP,,,,,,
TCGA-AO-A124-01A,BRCA,BLGSP-71-23-00448-01A,BLGSP,,,,,,
TCGA-BH-A0H7-01A,BRCA,BLGSP-71-23-00410-01B,BLGSP,,,,,,
TCGA-AC-A3QQ-01A,BRCA,BLGSP-71-22-00335-01A,BLGSP,,,,,,
TCGA-AR-A24R-01A,BRCA,BLGSP-71-06-00093-01B,BLGSP,,,,,,
TCGA-AC-A6IV-01A,BRCA,BLGSP-71-06-00090-01A,BLGSP,,,,,,
TCGA-C8-A12T-01A,BRCA,BLGSP-71-19-00126-09A,BLGSP,,,,,,
TCGA-OL-A5S0-01A,BRCA,BLGSP-71-06-00007-01B,BLGSP,,,,,,
TCGA-E2-A15C-01A,BRCA,BLGSP-71-08-00035-01B,BLGSP,,,,,,
TCGA-A8-A07S-01A,BRCA,BLGSP-71-17-00235-01B,BLGSP,,,,,,
TCGA-E2-A1LA-01A,BRCA,BLGSP-71-06-00078-01A,BLGSP,,,,,,
TCGA-B6-A0IC-01A,BRCA,BLGSP-71-19-00125-09A,BLGSP,,,,,,
TCGA-LD-A9QF-01A,BRCA,BLGSP-71-06-00016-01B,BLGSP,,,,,,
TCGA-EW-A6S9-01A,BRCA,BLGSP-71-06-00143-01B,BLGSP,,,,,,
TCGA-OL-A6VR-01A,BRCA,BLGSP-71-19-00129-01A,BLGSP,,,,,,
TCGA-D8-A1JT-01A,BRCA,BLGSP-71-08-00040-01A,BLGSP,,,,,,
TCGA-C8-A1HJ-01A,BRCA,BLGSP-71-32-00698-01B,BLGSP,,,,,,
TCGA-BH-A0BV-01A,BRCA,BLGSP-71-06-00013-01B,BLGSP,,,,,,
TCGA-BH-A0B6-01A,BRCA,BLGSP-71-19-00107-01A,BLGSP,,,,,,
TCGA-A2-A3XU-01A,BRCA,BLGSP-71-06-00085-01A,BLGSP,,,,,,
TCGA-AN-A0AS-01A,BRCA,BLGSP-71-23-00445-01A,BLGSP,,,,,,
TCGA-LL-A8F5-01A,BRCA,BLGSP-71-06-00170-01A,BLGSP,,,,,,
TCGA-E9-A22H-01A,BRCA,BLGSP-71-06-00008-01B,BLGSP,,,,,,
TCGA-AN-A049-01A,BRCA,BLGSP-71-23-00405-01A,BLGSP,,,,,,
TCGA-A7-A3J1-01A,BRCA,BLGSP-71-26-00396-01A,BLGSP,,,,,,
TCGA-A1-A0SG-01A,BRCA,BLGSP-71-06-00002-01D,BLGSP,,,,,,
TCGA-B6-A0RE-01A,BRCA,BLGSP-71-08-00206-01A,BLGSP,,,,,,
TCGA-A2-A0ST-01A,BRCA,BLGSP-71-06-00072-01A,BLGSP,,,,,,
TCGA-D8-A1XD-01A,BRCA,BLGSP-71-08-00041-01B,BLGSP,,,,,,
TCGA-E2-A1B6-01A,BRCA,BLGSP-71-06-00001-01B,BLGSP,,,,,,
TCGA-A8-A086-01A,BRCA,BLGSP-71-19-00113-01A,BLGSP,,,,,,
TCGA-BH-A0B7-01A,BRCA,BLGSP-71-06-00087-01B,BLGSP,,,,,,
TCGA-BH-A0HN-01A,BRCA,BLGSP-71-22-00332-01A,BLGSP,,,,,,
TCGA-D8-A1J9-01A,BRCA,BLGSP-71-06-00174-01A,BLGSP,,,,,,
TCGA-E2-A10A-01A,BRCA,BLGSP-71-23-00481-01A,BLGSP,,,,,,
TCGA-B6-A0WX-01A,BRCA,BLGSP-71-06-00015-01A,BLGSP,,,,,,
TCGA-AO-A0JE-01A,BRCA,BLGSP-71-06-00149-01A,BLGSP,,,,,,
TCGA-AR-A0TZ-01A,BRCA,BLGSP-71-06-00285-01A,BLGSP,,,,,,
TCGA-AO-A12E-01A,BRCA,BLGSP-71-08-00029-01A,BLGSP,,,,,,
TCGA-D8-A27G-01A,BRCA,BLGSP-71-23-00408-01A,BLGSP,,,,,,
TCGA-BH-A0DO-01B,BRCA,BLGSP-71-06-00178-01A,BLGSP,,,,,,
TCGA-E2-A109-01A,BRCA,BLGSP-71-06-00177-01A,BLGSP,,,,,,
TCGA-A2-A3XW-01A,BRCA,BLGSP-71-06-00190-01B,BLGSP,,,,,,
TCGA-D8-A1XW-01A,BRCA,BLGSP-71-08-00217-01A,BLGSP,,,,,,
TCGA-UL-AAZ6-01A,BRCA,BLGSP-71-06-00156-01A,BLGSP,,,,,,
TCGA-BH-A0DD-01A,BRCA,BLGSP-71-23-00474-01A,BLGSP,,,,,,
TCGA-AO-A1KT-01A,BRCA,BLGSP-71-06-00012-01B,BLGSP,,,,,,
TCGA-A7-A0CD-01A,BRCA,BLGSP-71-06-00281-01A,BLGSP,,,,,,
TCGA-A8-A092-01A,BRCA,BLGSP-71-32-00697-01A,BLGSP,,,,,,
TCGA-A8-A07E-01A,BRCA,BLGSP-71-19-00116-01A,BLGSP,,,,,,
TCGA-AO-A0JM-01A,BRCA,BLGSP-71-06-00090-01B,BLGSP,,,,,,
TCGA-V7-A7HQ-01A,BRCA,BLGSP-71-06-00097-01A,BLGSP,,,,,,
TCGA-A2-A3XY-01A,BRCA,BLGSP-71-06-00148-01A,BLGSP,,,,,,
TCGA-C8-A12V-01A,BRCA,,,,,,,,
TCGA-A8-A085-01A,BRCA,,,,,,,,
TCGA-E9-A226-01A,BRCA,,,,,,,,
TCGA-A2-A25B-01A,BRCA,,,,,,,,
TCGA-LL-A6FP-01A,BRCA,,,,,,,,
TCGA-E9-A1N3-01A,BRCA,,,,,,,,
TCGA-EW-A1J2-01A,BRCA,,,,,,,,
TCGA-A7-A4SE-01A,BRCA,,,,,,,,
TCGA-A8-A07B-01A,BRCA,,,,,,,,
TCGA-A8-A09X-01A,BRCA,,,,,,,,
TCGA-AR-A24H-01A,BRCA,,,,,,,,
TCGA-E2-A1LG-01A,BRCA,,,,,,,,
TCGA-C8-A137-01A,BRCA,,,,,,,,
TCGA-AN-A0FX-01A,BRCA,,,,,,,,
TCGA-AC-A23E-01A,BRCA,,,,,,,,
TCGA-A8-A0AB-01A,BRCA,,,,,,,,
TCGA-AC-A23H-01A,BRCA,,,,,,,,
TCGA-C8-A26Z-01A,BRCA,,,,,,,,
TCGA-BH-A18N-01A,BRCA,,,,,,,,
TCGA-A8-A079-01A,BRCA,,,,,,,,
TCGA-EW-A1PC-01B,BRCA,,,,,,,,
TCGA-AC-A2FF-01A,BRCA,,,,,,,,
TCGA-BH-A0HU-01A,BRCA,,,,,,,,
TCGA-EW-A1J6-01A,BRCA,,,,,,,,
TCGA-B6-A0RV-01A,BRCA,,,,,,,,
TCGA-A2-A0ER-01A,BRCA,,,,,,,,
TCGA-AN-A0FZ-01A,BRCA,,,,,,,,
TCGA-OL-A66K-01A,BRCA,,,,,,,,
TCGA-A2-A0SY-01A,BRCA,,,,,,,,
TCGA-AR-A2LM-01A,BRCA,,,,,,,,
TCGA-A8-A07W-01A,BRCA,,,,,,,,
TCGA-AR-A0TT-01A,BRCA,,,,,,,,
TCGA-AC-A3QQ-01B,BRCA,,,,,,,,
TCGA-BH-A202-01A,BRCA,,,,,,,,
TCGA-EW-A1OV-01A,BRCA,,,,,,,,
TCGA-BH-A1FL-01A,BRCA,,,,,,,,
TCGA-E2-A1LK-01A,BRCA,,,,,,,,
TCGA-AR-A1AQ-01A,BRCA,,,,,,,,
TCGA-E2-A14Q-01A,BRCA,,,,,,,,
TCGA-BH-A0BA-01A,BRCA,,,,,,,,
TCGA-A1-A0SI-01A,BRCA,,,,,,,,
TCGA-OL-A66O-01A,BRCA,,,,,,,,
TCGA-A2-A04V-01A,BRCA,,,,,,,,
TCGA-E2-A154-01A,BRCA,,,,,,,,
TCGA-AR-A0TX-01A,BRCA,,,,,,,,
TCGA-4H-AAAK-01A,BRCA,,,,,,,,
TCGA-B6-A0X4-01A,BRCA,,,,,,,,
TCGA-BH-A0RX-01A,BRCA,,,,,,,,
TCGA-AO-A0JD-01A,BRCA,,,,,,,,
TCGA-D8-A1XL-01A,BRCA,,,,,,,,
TCGA-A2-A0D0-01A,BRCA,,,,,,,,
TCGA-AR-A252-01A,BRCA,,,,,,,,
TCGA-E2-A15F-01A,BRCA,,,,,,,,
TCGA-3C-AALK-01A,BRCA,,,,,,,,
TCGA-BH-A0BO-01A,BRCA,,,,,,,,
TCGA-AR-A0TY-01A,BRCA,,,,,,,,
TCGA-C8-A12Y-01A,BRCA,,,,,,,,
TCGA-E2-A574-01A,BRCA,,,,,,,,
TCGA-LL-A6FQ-01A,BRCA,,,,,,,,
TCGA-AQ-A1H3-01A,BRCA,,,,,,,,
TCGA-AR-A251-01A,BRCA,,,,,,,,
TCGA-GM-A2DI-01A,BRCA,,,,,,,,
TCGA-EW-A1P3-01A,BRCA,,,,,,,,
TCGA-A2-A25D-01A,BRCA,,,,,,,,
TCGA-EW-A1J3-01A,BRCA,,,,,,,,
TCGA-OL-A5D6-01A,BRCA,,,,,,,,
TCGA-AC-A5XU-01A,BRCA,,,,,,,,
TCGA-A2-A0T4-01A,BRCA,,,,,,,,
TCGA-B6-A40B-01A,BRCA,,,,,,,,
TCGA-BH-A0HW-01A,BRCA,,,,,,,,
TCGA-AC-A3W7-01A,BRCA,,,,,,,,
TCGA-LL-A6FR-01A,BRCA,,,,,,,,
TCGA-D8-A1XZ-01A,BRCA,,,,,,,,
TCGA-B6-A400-01A,BRCA,,,,,,,,
TCGA-D8-A1JI-01A,BRCA,,,,,,,,
TCGA-A8-A0A7-01A,BRCA,,,,,,,,
TCGA-AQ-A04J-01A,BRCA,,,,,,,,
TCGA-BH-A0GY-01A,BRCA,,,,,,,,
TCGA-AO-A128-01A,BRCA,,,,,,,,
TCGA-BH-A0DP-01A,BRCA,,,,,,,,
TCGA-E2-A15L-01A,BRCA,,,,,,,,
TCGA-B6-A0WS-01A,BRCA,,,,,,,,
TCGA-BH-A0E0-01A,BRCA,,,,,,,,
TCGA-BH-A5J0-01A,BRCA,,,,,,,,
TCGA-A2-A3XT-01A,BRCA,,,,,,,,
TCGA-D8-A1X6-01A,BRCA,,,,,,,,
TCGA-C8-A12Z-01A,BRCA,,,,,,,,
TCGA-B6-A0IJ-01A,BRCA,,,,,,,,
TCGA-BH-A0HF-01A,BRCA,,,,,,,,
TCGA-BH-A18M-01A,BRCA,,,,,,,,
TCGA-BH-A0AY-01A,BRCA,,,,,,,,
TCGA-D8-A1XF-01A,BRCA,,,,,,,,
TCGA-BH-A18J-01A,BRCA,,,,,,,,
TCGA-A7-A4SB-01A,BRCA,,,,,,,,
TCGA-D8-A1JF-01A,BRCA,,,,,,,,
TCGA-A8-A09D-01A,BRCA,,,,,,,,
TCGA-EW-A2FR-01A,BRCA,,,,,,,,
TCGA-E2-A106-01A,BRCA,,,,,,,,
TCGA-BH-A28Q-01A,BRCA,,,,,,,,
TCGA-A2-A0CM-01A,BRCA,,,,,,,,
TCGA-A8-A082-01A,BRCA,,,,,,,,
TCGA-A8-A099-01A,BRCA,,,,,,,,
TCGA-D8-A1XB-01A,BRCA,,,,,,,,
TCGA-LL-A50Y-01A,BRCA,,,,,,,,
TCGA-A8-A06T-01A,BRCA,,,,,,,,
TCGA-C8-A135-01A,BRCA,,,,,,,,
TCGA-BH-A0C0-01A,BRCA,,,,,,,,
TCGA-BH-A28O-01A,BRCA,,,,,,,,
TCGA-D8-A1JG-01B,BRCA,,,,,,,,
TCGA-B6-A409-01A,BRCA,,,,,,,,
TCGA-AC-A3W6-01A,BRCA,,,,,,,,
TCGA-BH-A0E9-01B,BRCA,,,,,,,,
TCGA-LL-A5YO-01A,BRCA,,,,,,,,
TCGA-AN-A0AL-01A,BRCA,,,,,,,,
TCGA-E2-A1B0-01A,BRCA,,,,,,,,
TCGA-E9-A1NF-01A,BRCA,,,,,,,,
TCGA-D8-A27R-01A,BRCA,,,,,,,,
TCGA-B6-A0RO-01A,BRCA,,,,,,,,
TCGA-E2-A10C-01A,BRCA,,,,,,,,
TCGA-AR-A254-01A,BRCA,,,,,,,,
TCGA-A2-A04Q-01A,BRCA,,,,,,,,
TCGA-E2-A1IG-01A,BRCA,,,,,,,,
TCGA-A7-A4SF-01A,BRCA,,,,,,,,
TCGA-A2-A0SV-01A,BRCA,,,,,,,,
TCGA-E2-A14W-01A,BRCA,,,,,,,,
TCGA-C8-A12L-01A,BRCA,,,,,,,,
TCGA-E2-A14S-01A,BRCA,,,,,,,,
TCGA-GM-A2DD-01A,BRCA,,,,,,,,
TCGA-E9-A1N9-01A,BRCA,,,,,,,,
TCGA-LL-A442-01A,BRCA,,,,,,,,
TCGA-C8-A275-01A,BRCA,,,,,,,,
TCGA-B6-A1KF-01A,BRCA,,,,,,,,
TCGA-Z7-A8R5-01A,BRCA,,,,,,,,
TCGA-AN-A03Y-01A,BRCA,,,,,,,,
TCGA-AR-A1AK-01A,BRCA,,,,,,,,
TCGA-A8-A083-01A,BRCA,,,,,,,,
TCGA-A2-A259-01A,BRCA,,,,,,,,
TCGA-A7-A13D-01A,BRCA,,,,,,,,
TCGA-AN-A0XN-01A,BRCA,,,,,,,,
TCGA-C8-A273-01A,BRCA,,,,,,,,
TCGA-E2-A1IU-01A,BRCA,,,,,,,,
TCGA-EW-A1PF-01A,BRCA,,,,,,,,
TCGA-E2-A10E-01A,BRCA,,,,,,,,
TCGA-A2-A0EN-01A,BRCA,,,,,,,,
TCGA-GM-A3NY-01A,BRCA,,,,,,,,
TCGA-AO-A03V-01A,BRCA,,,,,,,,
TCGA-E9-A3Q9-01A,BRCA,,,,,,,,
TCGA-AO-A0JF-01A,BRCA,,,,,,,,
TCGA-AR-A24L-01A,BRCA,,,,,,,,
TCGA-BH-A1EV-01A,BRCA,,,,,,,,
TCGA-3C-AALJ-01A,BRCA,,,,,,,,
TCGA-BH-A0B1-01A,BRCA,,,,,,,,
TCGA-A2-A3XV-01A,BRCA,,,,,,,,
TCGA-BH-A0BJ-01A,BRCA,,,,,,,,
TCGA-BH-A5IZ-01A,BRCA,,,,,,,,
TCGA-BH-A1EU-01A,BRCA,,,,,,,,
TCGA-GM-A2DB-01A,BRCA,,,,,,,,
TCGA-HN-A2OB-01A,BRCA,,,,,,,,
TCGA-A8-A0A4-01A,BRCA,,,,,,,,
TCGA-D8-A73U-01A,BRCA,,,,,,,,
TCGA-LQ-A4E4-01A,BRCA,,,,,,,,
TCGA-E9-A1RI-01A,BRCA,,,,,,,,
TCGA-A8-A0AD-01A,BRCA,,,,,,,,
TCGA-A2-A0CQ-01A,BRCA,,,,,,,,
TCGA-AO-A0JG-01A,BRCA,,,,,,,,
TCGA-E2-A1IN-01A,BRCA,,,,,,,,
TCGA-E2-A1IL-01A,BRCA,,,,,,,,
TCGA-LD-A66U-01A,BRCA,,,,,,,,
TCGA-BH-A0AW-01A,BRCA,,,,,,,,
TCGA-AQ-A1H2-01A,BRCA,,,,,,,,
TCGA-BH-A0AU-01A,BRCA,,,,,,,,
TCGA-D8-A27E-01A,BRCA,,,,,,,,
TCGA-AN-A0FK-01A,BRCA,,,,,,,,
TCGA-WT-AB44-01A,BRCA,,,,,,,,
TCGA-BH-A0H6-01A,BRCA,,,,,,,,
TCGA-E2-A1IH-01A,BRCA,,,,,,,,
TCGA-A7-A426-01A,BRCA,,,,,,,,
TCGA-A2-A0CZ-01A,BRCA,,,,,,,,
TCGA-PE-A5DC-01A,BRCA,,,,,,,,
TCGA-E9-A22B-01A,BRCA,,,,,,,,
TCGA-AR-A1AO-01A,BRCA,,,,,,,,
TCGA-GM-A2DM-01A,BRCA,,,,,,,,
TCGA-LL-A441-01A,BRCA,,,,,,,,
TCGA-A2-A0CT-01A,BRCA,,,,,,,,
TCGA-A2-A04X-01A,BRCA,,,,,,,,
TCGA-A2-A0T7-01A,BRCA,,,,,,,,
TCGA-AR-A24N-01A,BRCA,,,,,,,,
TCGA-A8-A07U-01A,BRCA,,,,,,,,
TCGA-B6-A0I2-01A,BRCA,,,,,,,,
TCGA-OL-A5D8-01A,BRCA,,,,,,,,
TCGA-A2-A04R-01A,BRCA,,,,,,,,
TCGA-A1-A0SH-01A,BRCA,,,,,,,,
TCGA-A2-A0YL-01A,BRCA,,,,,,,,
TCGA-A2-A04N-01A,BRCA,,,,,,,,
TCGA-E2-A15K-01A,BRCA,,,,,,,,
TCGA-A7-A0D9-01A,BRCA,,,,,,,,
TCGA-JL-A3YX-01A,BRCA,,,,,,,,
TCGA-A8-A06P-01A,BRCA,,,,,,,,
TCGA-PL-A8LX-01A,BRCA,,,,,,,,
TCGA-E2-A155-01A,BRCA,,,,,,,,
TCGA-A2-A0CU-01A,BRCA,,,,,,,,
TCGA-A2-A25E-01A,BRCA,,,,,,,,
TCGA-AN-A0AR-01A,BRCA,,,,,,,,
TCGA-BH-A18U-01A,BRCA,,,,,,,,
TCGA-BH-A42V-01A,BRCA,,,,,,,,
TCGA-E2-A1LL-01A,BRCA,,,,,,,,
TCGA-EW-A1P6-01A,BRCA,,,,,,,,
TCGA-AN-A0FJ-01A,BRCA,,,,,,,,
TCGA-AR-A24W-01A,BRCA,,,,,,,,
TCGA-D8-A1JH-01A,BRCA,,,,,,,,
TCGA-BH-A0HQ-01A,BRCA,,,,,,,,
TCGA-AC-A23C-01A,BRCA,,,,,,,,
TCGA-A8-A081-01A,BRCA,,,,,,,,
TCGA-A2-A25A-01A,BRCA,,,,,,,,
TCGA-AN-A0AM-01A,BRCA,,,,,,,,
TCGA-B6-A0RM-01A,BRCA,,,,,,,,
TCGA-A2-A0EW-01A,BRCA,,,,,,,,
TCGA-E2-A570-01A,BRCA,,,,,,,,
TCGA-A2-A0T1-01A,BRCA,,,,,,,,
TCGA-GM-A2DK-01A,BRCA,,,,,,,,
TCGA-E9-A1N5-01A,BRCA,,,,,,,,
TCGA-AO-A03L-01A,BRCA,,,,,,,,
TCGA-B6-A0IM-01A,BRCA,,,,,,,,
TCGA-E2-A107-01A,BRCA,,,,,,,,
TCGA-EW-A1PA-01A,BRCA,,,,,,,,
TCGA-A2-A0T2-01A,BRCA,,,,,,,,
TCGA-A7-A2KD-01A,BRCA,,,,,,,,
TCGA-C8-A278-01A,BRCA,,,,,,,,
TCGA-B6-A0IO-01A,BRCA,,,,,,,,
TCGA-BH-A18Q-01A,BRCA,,,,,,,,
TCGA-E2-A1LS-01A,BRCA,,,,,,,,
TCGA-D8-A27M-01A,BRCA,,,,,,,,
TCGA-A8-A076-01A,BRCA,,,,,,,,
TCGA-AN-A0XW-01A,BRCA,,,,,,,,
TCGA-AN-A04A-01A,BRCA,,,,,,,,
TCGA-B6-A0IH-01A,BRCA,,,,,,,,
TCGA-C8-A1HG-01A,BRCA,,,,,,,,
TCGA-E2-A56Z-01A,BRCA,,,,,,,,
TCGA-GM-A3XL-01A,BRCA,,,,,,,,
TCGA-D8-A27H-01A,BRCA,,,,,,,,
TCGA-AC-A3BB-01A,BRCA,,,,,,,,
TCGA-BH-A8FY-01A,BRCA,,,,,,,,
TCGA-S3-A6ZF-01A,BRCA,,,,,,,,
TCGA-BH-A0EA-01A,BRCA,,,,,,,,
TCGA-E9-A1N4-01A,BRCA,,,,,,,,
TCGA-A1-A0SM-01A,BRCA,,,,,,,,
TCGA-AR-A1AT-01A,BRCA,,,,,,,,
TCGA-B6-A0RU-01A,BRCA,,,,,,,,
TCGA-A8-A06Y-01A,BRCA,,,,,,,,
TCGA-A8-A06Z-01A,BRCA,,,,,,,,
TCGA-BH-A1FU-01A,BRCA,,,,,,,,
TCGA-EW-A3E8-01B,BRCA,,,,,,,,
TCGA-E9-A247-01A,BRCA,,,,,,,,
TCGA-BH-A1EY-01A,BRCA,,,,,,,,
TCGA-B6-A0IA-01A,BRCA,,,,,,,,
TCGA-A2-A1G4-01A,BRCA,,,,,,,,
TCGA-S3-AA11-01A,BRCA,,,,,,,,
TCGA-AR-A1AN-01A,BRCA,,,,,,,,
TCGA-D8-A1Y3-01A,BRCA,,,,,,,,
TCGA-A8-A09K-01A,BRCA,,,,,,,,
TCGA-AR-A1AP-01A,BRCA,,,,,,,,
TCGA-E2-A1LB-01A,BRCA,,,,,,,,
TCGA-D8-A1XO-01A,BRCA,,,,,,,,
TCGA-JL-A3YW-01A,BRCA,,,,,,,,
TCGA-LL-A9Q3-01A,BRCA,,,,,,,,
TCGA-A1-A0SD-01A,BRCA,,,,,,,,
TCGA-E9-A1ND-01A,BRCA,,,,,,,,
TCGA-GM-A2DH-01A,BRCA,,,,,,,,
TCGA-E2-A15S-01A,BRCA,,,,,,,,
TCGA-BH-A2L8-01A,BRCA,,,,,,,,
TCGA-E9-A249-01A,BRCA,,,,,,,,
TCGA-E9-A54Y-01A,BRCA,,,,,,,,
TCGA-E9-A229-01A,BRCA,,,,,,,,
TCGA-BH-A1ES-01A,BRCA,,,,,,,,
TCGA-S3-A6ZH-01A,BRCA,,,,,,,,
TCGA-AR-A1AJ-01A,BRCA,,,,,,,,
TCGA-C8-A27A-01A,BRCA,,,,,,,,
TCGA-E2-A1II-01A,BRCA,,,,,,,,
TCGA-A8-A075-01A,BRCA,,,,,,,,
TCGA-C8-A131-01A,BRCA,,,,,,,,
TCGA-B6-A0WV-01A,BRCA,,,,,,,,
TCGA-A7-A0DA-01A,BRCA,,,,,,,,
TCGA-D8-A27F-01A,BRCA,,,,,,,,
TCGA-B6-A0RI-01A,BRCA,,,,,,,,
TCGA-LD-A7W5-01A,BRCA,,,,,,,,
TCGA-E9-A1R3-01A,BRCA,,,,,,,,
TCGA-D8-A145-01A,BRCA,,,,,,,,
TCGA-B6-A0RN-01A,BRCA,,,,,,,,
TCGA-A7-A6VW-01A,BRCA,,,,,,,,
TCGA-D8-A27K-01A,BRCA,,,,,,,,
TCGA-C8-A26V-01A,BRCA,,,,,,,,
TCGA-UU-A93S-01A,BRCA,,,,,,,,
TCGA-A8-A090-01A,BRCA,,,,,,,,
TCGA-AO-A0J2-01A,BRCA,,,,,,,,
TCGA-AA-3554-01A,COAD,,,,,,,,
TCGA-DM-A1DB-01A,COAD,,,,,,,,
TCGA-AA-3831-01A,COAD,,,,,,,,
TCGA-AA-3693-01A,COAD,,,,,,,,
TCGA-D5-5540-01A,COAD,,,,,,,,
TCGA-A6-3809-01A,COAD,,,,,,,,
TCGA-AA-3697-01A,COAD,,,,,,,,
TCGA-DM-A28K-01A,COAD,,,,,,,,
TCGA-CM-6163-01A,COAD,,,,,,,,
TCGA-AA-3494-01A,COAD,,,,,,,,
TCGA-AA-3524-01A,COAD,,,,,,,,
TCGA-AA-A02F-01A,COAD,,,,,,,,
TCGA-AA-3833-01A,COAD,,,,,,,,
TCGA-AZ-4313-01A,COAD,,,,,,,,
TCGA-AZ-4315-01A,COAD,,,,,,,,
TCGA-AA-A02O-01A,COAD,,,,,,,,
TCGA-AA-3543-01A,COAD,,,,,,,,
TCGA-AA-A00W-01A,COAD,,,,,,,,
TCGA-AA-3506-01A,COAD,,,,,,,,
TCGA-QG-A5YX-01A,COAD,,,,,,,,
TCGA-A6-2683-01A,COAD,,,,,,,,
TCGA-A6-2681-01A,COAD,,,,,,,,
TCGA-A6-6651-01A,COAD,,,,,,,,
TCGA-AA-3496-01A,COAD,,,,,,,,
TCGA-A6-2684-01A,COAD,,,,,,,,
TCGA-G4-6320-01A,COAD,,,,,,,,
TCGA-F4-6704-01A,COAD,,,,,,,,
TCGA-NH-A6GC-01A,COAD,,,,,,,,
TCGA-AZ-5407-01A,COAD,,,,,,,,
TCGA-AU-3779-01A,COAD,,,,,,,,
TCGA-A6-6649-01A,COAD,,,,,,,,
TCGA-CK-6748-01A,COAD,,,,,,,,
TCGA-AA-3558-01A,COAD,,,,,,,,
TCGA-AZ-6601-01A,COAD,,,,,,,,
TCGA-AD-A5EK-01A,COAD,,,,,,,,
TCGA-5M-AAT6-01A,COAD,,,,,,,,
TCGA-4T-AA8H-01A,COAD,,,,,,,,
TCGA-CM-4750-01A,COAD,,,,,,,,
TCGA-AA-3941-01A,COAD,,,,,,,,
TCGA-DM-A0XD-01A,COAD,,,,,,,,
TCGA-AA-A01Z-01A,COAD,,,,,,,,
TCGA-CM-6168-01A,COAD,,,,,,,,
TCGA-AA-3509-01A,COAD,,,,,,,,
TCGA-A6-2676-01A,COAD,,,,,,,,
TCGA-AA-3655-01A,COAD,,,,,,,,
TCGA-CK-5915-01A,COAD,,,,,,,,
TCGA-CA-5797-01A,COAD,,,,,,,,
TCGA-G4-6627-01A,COAD,,,,,,,,
TCGA-A6-2672-01B,COAD,,,,,,,,
TCGA-AZ-4681-01A,COAD,,,,,,,,
TCGA-F4-6569-01A,COAD,,,,,,,,
TCGA-G4-6299-01A,COAD,,,,,,,,
TCGA-QG-A5YV-01A,COAD,,,,,,,,
TCGA-AA-3561-01A,COAD,,,,,,,,
TCGA-AA-3521-01A,COAD,,,,,,,,
TCGA-CM-6165-01A,COAD,,,,,,,,
TCGA-A6-6781-01A,COAD,,,,,,,,
TCGA-DM-A1D9-01A,COAD,,,,,,,,
TCGA-CK-4951-01A,COAD,,,,,,,,
TCGA-CM-6677-01A,COAD,,,,,,,,
TCGA-D5-6931-01A,COAD,,,,,,,,
TCGA-A6-5666-01A,COAD,,,,,,,,
TCGA-DM-A1DA-01A,COAD,,,,,,,,
TCGA-AA-A029-01A,COAD,,,,,,,,
TCGA-AA-3818-01A,COAD,,,,,,,,
TCGA-5M-AATE-01A,COAD,,,,,,,,
TCGA-D5-6541-01A,COAD,,,,,,,,
TCGA-AA-A01P-01A,COAD,,,,,,,,
TCGA-AA-3860-01A,COAD,,,,,,,,
TCGA-AD-6548-01A,COAD,,,,,,,,
TCGA-AA-3872-01A,COAD,,,,,,,,
TCGA-CM-6172-01A,COAD,,,,,,,,
TCGA-AA-3846-01A,COAD,,,,,,,,
TCGA-DM-A28G-01A,COAD,,,,,,,,
TCGA-AA-3510-01A,COAD,,,,,,,,
TCGA-AA-3877-01A,COAD,,,,,,,,
TCGA-AA-3542-01A,COAD,,,,,,,,
TCGA-A6-6142-01A,COAD,,,,,,,,
TCGA-D5-6922-01A,COAD,,,,,,,,
TCGA-F4-6570-01A,COAD,,,,,,,,
TCGA-F4-6805-01A,COAD,,,,,,,,
TCGA-D5-6924-01A,COAD,,,,,,,,
TCGA-AD-6889-01A,COAD,,,,,,,,
TCGA-CM-6679-01A,COAD,,,,,,,,
TCGA-DM-A1HB-01A,COAD,,,,,,,,
TCGA-AY-6386-01A,COAD,,,,,,,,
TCGA-AA-3819-01A,COAD,,,,,,,,
TCGA-AA-A00Q-01A,COAD,,,,,,,,
TCGA-G4-6311-01A,COAD,,,,,,,,
TCGA-A6-A566-01A,COAD,,,,,,,,
TCGA-AA-3660-01A,COAD,,,,,,,,
TCGA-DM-A1D6-01A,COAD,,,,,,,,
TCGA-D5-6536-01A,COAD,,,,,,,,
TCGA-NH-A8F8-01A,COAD,,,,,,,,
TCGA-G4-6321-01A,COAD,,,,,,,,
TCGA-CM-6171-01A,COAD,,,,,,,,
TCGA-DM-A1D0-01A,COAD,,,,,,,,
TCGA-AA-A02Y-01A,COAD,,,,,,,,
TCGA-AA-3502-01A,COAD,,,,,,,,
TCGA-AZ-6605-01A,COAD,,,,,,,,
TCGA-AY-A71X-01A,COAD,,,,,,,,
TCGA-NH-A50U-01A,COAD,,,,,,,,
TCGA-D5-6929-01A,COAD,,,,,,,,
TCGA-AA-A024-01A,COAD,,,,,,,,
TCGA-CM-6166-01A,COAD,,,,,,,,
TCGA-A6-2682-01A,COAD,,,,,,,,
TCGA-AA-3850-01A,COAD,,,,,,,,
TCGA-AD-6895-01A,COAD,,,,,,,,
TCGA-AA-3952-01A,COAD,,,,,,,,
TCGA-CK-4952-01A,COAD,,,,,,,,
TCGA-G4-6302-01A,COAD,,,,,,,,
TCGA-AA-3862-01A,COAD,,,,,,,,
TCGA-CM-6676-01A,COAD,,,,,,,,
TCGA-DM-A0X9-01A,COAD,,,,,,,,
TCGA-AA-3696-01A,COAD,,,,,,,,
TCGA-AA-3976-01A,COAD,,,,,,,,
TCGA-AZ-4615-01A,COAD,,,,,,,,
TCGA-DM-A1HA-01A,COAD,,,,,,,,
TCGA-AA-3712-01A,COAD,,,,,,,,
TCGA-AA-3970-01A,COAD,,,,,,,,
TCGA-D5-6932-01A,COAD,,,,,,,,
TCGA-QG-A5YW-01A,COAD,,,,,,,,
TCGA-CM-5863-01A,COAD,,,,,,,,
TCGA-G4-6626-01A,COAD,,,,,,,,
TCGA-D5-6530-01A,COAD,,,,,,,,
TCGA-AA-3968-01A,COAD,,,,,,,,
TCGA-D5-6923-01A,COAD,,,,,,,,
TCGA-DM-A28F-01A,COAD,,,,,,,,
TCGA-AA-3851-01A,COAD,,,,,,,,
TCGA-G4-6315-01A,COAD,,,,,,,,
TCGA-A6-2680-01A,COAD,,,,,,,,
TCGA-AA-3713-01A,COAD,,,,,,,,
TCGA-AZ-5403-01A,COAD,,,,,,,,
TCGA-AZ-4308-01A,COAD,,,,,,,,
TCGA-AA-3520-01A,COAD,,,,,,,,
TCGA-CK-5912-01A,COAD,,,,,,,,
TCGA-CM-5344-01A,COAD,,,,,,,,
TCGA-CM-6167-01A,COAD,,,,,,,,
TCGA-AY-A8YK-01A,COAD,,,,,,,,
TCGA-D5-6529-01A,COAD,,,,,,,,
TCGA-A6-A5ZU-01A,COAD,,,,,,,,
TCGA-AA-3949-01A,COAD,,,,,,,,
TCGA-AA-3663-01A,COAD,,,,,,,,
TCGA-AA-3555-01A,COAD,,,,,,,,
TCGA-AA-3666-01A,COAD,,,,,,,,
TCGA-G4-6303-01A,COAD,,,,,,,,
TCGA-A6-A565-01A,COAD,,,,,,,,
TCGA-AA-3715-01A,COAD,,,,,,,,
TCGA-F4-6703-01A,COAD,,,,,,,,
TCGA-CM-4746-01A,COAD,,,,,,,,
TCGA-CK-5914-01A,COAD,,,,,,,,
TCGA-A6-6138-01A,COAD,,,,,,,,
TCGA-AA-3980-01A,COAD,,,,,,,,
TCGA-CA-6719-01A,COAD,,,,,,,,
TCGA-CM-6161-01A,COAD,,,,,,,,
TCGA-AA-3971-01A,COAD,,,,,,,,
TCGA-AA-3560-01A,COAD,,,,,,,,
TCGA-AY-4070-01A,COAD,,,,,,,,
TCGA-3L-AA1B-01A,COAD,,,,,,,,
TCGA-CA-6715-01A,COAD,,,,,,,,
TCGA-CM-5348-01A,COAD,,,,,,,,
TCGA-AZ-6608-01A,COAD,,,,,,,,
TCGA-CK-4950-01A,COAD,,,,,,,,
TCGA-DM-A28M-01A,COAD,,,,,,,,
TCGA-AA-3531-01A,COAD,,,,,,,,
TCGA-AZ-6603-01A,COAD,,,,,,,,
TCGA-AA-A01S-01A,COAD,,,,,,,,
TCGA-AA-3821-01A,COAD,,,,,,,,
TCGA-D5-6926-01A,COAD,,,,,,,,
TCGA-AA-3530-01A,COAD,,,,,,,,
TCGA-AY-4071-01A,COAD,,,,,,,,
TCGA-AY-A54L-01A,COAD,,,,,,,,
TCGA-AA-3517-01A,COAD,,,,,,,,
TCGA-A6-3810-01A,COAD,,,,,,,,
TCGA-AA-3812-01A,COAD,,,,,,,,
TCGA-A6-3808-01A,COAD,,,,,,,,
TCGA-5M-AATA-01A,COAD,,,,,,,,
TCGA-AY-5543-01A,COAD,,,,,,,,
TCGA-A6-6654-01A,COAD,,,,,,,,
TCGA-AA-3549-01A,COAD,,,,,,,,
TCGA-AA-3662-01A,COAD,,,,,,,,
TCGA-DM-A285-01A,COAD,,,,,,,,
TCGA-CK-5916-01A,COAD,,,,,,,,
TCGA-A6-5664-01A,COAD,,,,,,,,
TCGA-A6-6780-01B,COAD,,,,,,,,
TCGA-A6-5667-01A,COAD,,,,,,,,
TCGA-A6-5656-01B,COAD,,,,,,,,
TCGA-AA-3994-01A,COAD,,,,,,,,
TCGA-AA-3667-01A,COAD,,,,,,,,
TCGA-A6-5660-01A,COAD,,,,,,,,
TCGA-AA-3495-01A,COAD,,,,,,,,
TCGA-AA-A02H-01A,COAD,,,,,,,,
TCGA-D5-6540-01A,COAD,,,,,,,,
TCGA-G4-6307-01A,COAD,,,,,,,,
TCGA-AA-A03J-01A,COAD,,,,,,,,
TCGA-A6-5661-01A,COAD,,,,,,,,
TCGA-DM-A28H-01A,COAD,,,,,,,,
TCGA-AA-3848-01A,COAD,,,,,,,,
TCGA-AA-3854-01A,COAD,,,,,,,,
TCGA-D5-5539-01A,COAD,,,,,,,,
TCGA-A6-4105-01A,COAD,,,,,,,,
TCGA-A6-6652-01A,COAD,,,,,,,,
TCGA-QL-A97D-01A,COAD,,,,,,,,
TCGA-AA-3678-01A,COAD,,,,,,,,
TCGA-AA-A00J-01A,COAD,,,,,,,,
TCGA-AA-3856-01A,COAD,,,,,,,,
TCGA-AA-3986-01A,COAD,,,,,,,,
TCGA-F4-6854-01A,COAD,,,,,,,,
TCGA-DM-A28A-01A,COAD,,,,,,,,
TCGA-G4-6295-01A,COAD,,,,,,,,
TCGA-A6-2686-01A,COAD,,,,,,,,
TCGA-D5-6531-01A,COAD,,,,,,,,
TCGA-AA-3972-01A,COAD,,,,,,,,
TCGA-AA-3519-01A,COAD,,,,,,,,
TCGA-CM-6169-01A,COAD,,,,,,,,
TCGA-CM-6680-01A,COAD,,,,,,,,
TCGA-AA-A02E-01A,COAD,,,,,,,,
TCGA-AA-3984-01A,COAD,,,,,,,,
TCGA-G4-6298-01A,COAD,,,,,,,,
TCGA-AA-3837-01A,COAD,,,,,,,,
TCGA-A6-5665-01B,COAD,,,,,,,,
TCGA-AZ-6600-01A,COAD,,,,,,,,
TCGA-A6-2677-01A,COAD,,,,,,,,
TCGA-A6-6653-01A,COAD,,,,,,,,
TCGA-A6-5662-01A,COAD,,,,,,,,
TCGA-F4-6461-01A,COAD,,,,,,,,
TCGA-AA-A01D-01A,COAD,,,,,,,,
TCGA-AA-3518-01A,COAD,,,,,,,,
TCGA-AD-6963-01A,COAD,,,,,,,,
TCGA-A6-5659-01A,COAD,,,,,,,,
TCGA-A6-6137-01A,COAD,,,,,,,,
TCGA-AA-A010-01A,COAD,,,,,,,,
TCGA-A6-5656-01A,COAD,,,,,,,,
TCGA-AU-6004-01A,COAD,,,,,,,,
TCGA-AZ-4682-01B,COAD,,,,,,,,
TCGA-AA-A00U-01A,COAD,,,,,,,,
TCGA-AA-A00L-01A,COAD,,,,,,,,
TCGA-A6-6782-01A,COAD,,,,,,,,
TCGA-AA-3875-01A,COAD,,,,,,,,
TCGA-AA-3529-01A,COAD,,,,,,,,
TCGA-DM-A282-01A,COAD,,,,,,,,
TCGA-F4-6808-01A,COAD,,,,,,,,
TCGA-G4-6293-01A,COAD,,,,,,,,
TCGA-DM-A288-01A,COAD,,,,,,,,
TCGA-AA-3710-01A,COAD,,,,,,,,
TCGA-AA-3685-01A,COAD,,,,,,,,
TCGA-AD-5900-01A,COAD,,,,,,,,
TCGA-D5-6928-01A,COAD,,,,,,,,
TCGA-AA-3673-01A,COAD,,,,,,,,
TCGA-D5-7000-01A,COAD,,,,,,,,
TCGA-AZ-6607-01A,COAD,,,,,,,,
TCGA-A6-3807-01A,COAD,,,,,,,,
TCGA-QG-A5Z2-01A,COAD,,,,,,,,
TCGA-CM-6164-01A,COAD,,,,,,,,
TCGA-AD-6965-01A,COAD,,,,,,,,
TCGA-AA-3844-01A,COAD,,,,,,,,
TCGA-AA-3516-01A,COAD,,,,,,,,
TCGA-AA-3522-01A,COAD,,,,,,,,
TCGA-AA-3956-01A,COAD,,,,,,,,
TCGA-AA-3815-01A,COAD,,,,,,,,
TCGA-CK-4948-01B,COAD,,,,,,,,
TCGA-AZ-4616-01A,COAD,,,,,,,,
TCGA-NH-A50V-01A,COAD,,,,,,,,
TCGA-AA-3989-01A,COAD,,,,,,,,
TCGA-AA-3852-01A,COAD,,,,,,,,
TCGA-AA-3966-01A,COAD,,,,,,,,
TCGA-5M-AAT5-01A,COAD,,,,,,,,
TCGA-D5-6930-01A,COAD,,,,,,,,
TCGA-AA-3681-01A,COAD,,,,,,,,
TCGA-CM-5349-01A,COAD,,,,,,,,
TCGA-A6-2672-01A,COAD,,,,,,,,
TCGA-AY-6197-01A,COAD,,,,,,,,
TCGA-AA-3866-01A,COAD,,,,,,,,
TCGA-DM-A1D4-01A,COAD,,,,,,,,
TCGA-CK-6746-01A,COAD,,,,,,,,
TCGA-AA-3955-01A,COAD,,,,,,,,
TCGA-NH-A8F7-01A,COAD,,,,,,,,
TCGA-AA-A00O-01A,COAD,,,,,,,,
TCGA-G4-6317-01A,COAD,,,,,,,,
TCGA-A6-6650-01B,COAD,,,,,,,,
TCGA-T9-A92H-01A,COAD,,,,,,,,
TCGA-DM-A28C-01A,COAD,,,,,,,,
TCGA-CM-6675-01A,COAD,,,,,,,,
TCGA-5M-AAT4-01A,COAD,,,,,,,,
TCGA-F4-6856-01A,COAD,,,,,,,,
TCGA-A6-5665-01A,COAD,,,,,,,,
TCGA-NH-A50T-01A,COAD,,,,,,,,
TCGA-RU-A8FL-01A,COAD,,,,,,,,
TCGA-AA-3680-01A,COAD,,,,,,,,
TCGA-AA-3675-01A,COAD,,,,,,,,
TCGA-AA-3855-01A,COAD,,,,,,,,
TCGA-AD-A5EJ-01A,COAD,,,,,,,,
TCGA-NH-A6GA-01A,COAD,,,,,,,,
TCGA-CM-4744-01A,COAD,,,,,,,,
TCGA-AD-6901-01A,COAD,,,,,,,,
TCGA-AA-3556-01A,COAD,,,,,,,,
TCGA-AZ-6606-01A,COAD,,,,,,,,
TCGA-4N-A93T-01A,COAD,,,,,,,,
TCGA-AA-3534-01A,COAD,,,,,,,,
TCGA-AA-3548-01A,COAD,,,,,,,,
TCGA-D5-6538-01A,COAD,,,,,,,,
TCGA-NH-A6GB-01A,COAD,,,,,,,,
TCGA-D5-6920-01A,COAD,,,,,,,,
TCGA-AA-A022-01A,COAD,,,,,,,,
TCGA-AA-A01F-01A,COAD,,,,,,,,
TCGA-AD-6964-01A,COAD,,,,,,,,
TCGA-AA-3858-01A,COAD,,,,,,,,
TCGA-F4-6855-01A,COAD,,,,,,,,
TCGA-AA-3532-01A,COAD,,,,,,,,
TCGA-DM-A280-01A,COAD,,,,,,,,
TCGA-CA-6716-01A,COAD,,,,,,,,
TCGA-AM-5821-01A,COAD,,,,,,,,
TCGA-CA-5256-01A,COAD,,,,,,,,
TCGA-D5-6539-01A,COAD,,,,,,,,
TCGA-D5-6533-01A,COAD,,,,,,,,
TCGA-AA-3982-01A,COAD,,,,,,,,
TCGA-A6-6140-01A,COAD,,,,,,,,
TCGA-CM-6678-01A,COAD,,,,,,,,
TCGA-AA-A02J-01A,COAD,,,,,,,,
TCGA-CK-4947-01B,COAD,,,,,,,,
TCGA-D5-6927-01A,COAD,,,,,,,,
TCGA-G4-6586-01A,COAD,,,,,,,,
TCGA-A6-6141-01A,COAD,,,,,,,,
TCGA-AA-3861-01A,COAD,,,,,,,,
TCGA-NH-A5IV-01A,COAD,,,,,,,,
TCGA-CM-4752-01A,COAD,,,,,,,,
TCGA-CM-4743-01A,COAD,,,,,,,,
TCGA-AA-3562-01A,COAD,,,,,,,,
TCGA-AZ-4614-01A,COAD,,,,,,,,
TCGA-AA-3514-01A,COAD,,,,,,,,
TCGA-AZ-6598-01A,COAD,,,,,,,,
TCGA-F4-6460-01A,COAD,,,,,,,,
TCGA-AA-3979-01A,COAD,,,,,,,,
TCGA-AA-3842-01A,COAD,,,,,,,,
TCGA-AA-A01G-01A,COAD,,,,,,,,
TCGA-CM-5341-01A,COAD,,,,,,,,
TCGA-A6-5661-01B,COAD,,,,,,,,
TCGA-AA-3511-01A,COAD,,,,,,,,
TCGA-AA-A00D-01A,COAD,,,,,,,,
TCGA-CM-4751-01A,COAD,,,,,,,,
TCGA-CM-4748-01A,COAD,,,,,,,,
TCGA-A6-6650-01A,COAD,,,,,,,,
TCGA-DM-A1D8-01A,COAD,,,,,,,,
TCGA-F4-6806-01A,COAD,,,,,,,,
TCGA-G4-6628-01A,COAD,,,,,,,,
TCGA-CM-6674-01A,COAD,,,,,,,,
TCGA-G4-6588-01A,COAD,,,,,,,,
TCGA-G4-6297-01A,COAD,,,,,,,,
TCGA-AA-3869-01A,COAD,,,,,,,,
TCGA-A6-A567-01A,COAD,,,,,,,,
TCGA-AA-3814-01A,COAD,,,,,,,,
TCGA-CM-5861-01A,COAD,,,,,,,,
TCGA-AA-3870-01A,COAD,,,,,,,,
TCGA-AA-3526-01A,COAD,,,,,,,,
TCGA-AA-3688-01A,COAD,,,,,,,,
TCGA-AZ-4323-01A,COAD,,,,,,,,
TCGA-G4-6625-01A,COAD,,,,,,,,
TCGA-AA-3692-01A,COAD,,,,,,,,
TCGA-AA-3553-01A,COAD,,,,,,,,
TCGA-G4-6304-01A,COAD,,,,,,,,
TCGA-CA-5255-01A,COAD,,,,,,,,
TCGA-AA-A01X-01A,COAD,,,,,,,,
TCGA-CK-6751-01A,COAD,,,,,,,,
TCGA-AA-3950-01A,COAD,,,,,,,,
TCGA-AA-3538-01A,COAD,,,,,,,,
TCGA-AM-5820-01A,COAD,,,,,,,,
TCGA-AY-6196-01A,COAD,,,,,,,,
TCGA-AA-3864-01A,COAD,,,,,,,,
TCGA-AY-A69D-01A,COAD,,,,,,,,
TCGA-CK-6747-01A,COAD,,,,,,,,
TCGA-AA-3679-01A,COAD,,,,,,,,
TCGA-AA-3845-01A,COAD,,,,,,,,
TCGA-A6-6648-01A,COAD,,,,,,,,
TCGA-CA-5796-01A,COAD,,,,,,,,
TCGA-CM-4747-01A,COAD,,,,,,,,
TCGA-AA-A01T-01A,COAD,,,,,,,,
TCGA-A6-6781-01B,COAD,,,,,,,,
TCGA-AA-A01V-01A,COAD,,,,,,,,
TCGA-F4-6807-01A,COAD,,,,,,,,
TCGA-AA-A01R-01A,COAD,,,,,,,,
TCGA-QG-A5Z1-01A,COAD,,,,,,,,
TCGA-AZ-4684-01A,COAD,,,,,,,,
TCGA-A6-2675-01A,COAD,,,,,,,,
TCGA-AA-3867-01A,COAD,,,,,,,,
TCGA-AA-A03F-01A,COAD,,,,,,,,
TCGA-A6-2674-01A,COAD,,,,,,,,
TCGA-D5-6898-01A,COAD,,,,,,,,
TCGA-D5-6534-01A,COAD,,,,,,,,
TCGA-F4-6459-01A,COAD,,,,,,,,
TCGA-F4-6463-01A,COAD,,,,,,,,
TCGA-CM-5864-01A,COAD,,,,,,,,
TCGA-A6-2671-01A,COAD,,,,,,,,
TCGA-DM-A1D7-01A,COAD,,,,,,,,
TCGA-CK-5913-01A,COAD,,,,,,,,
TCGA-A6-A56B-01A,COAD,,,,,,,,
TCGA-CM-5868-01A,COAD,,,,,,,,
TCGA-D5-6535-01A,COAD,,,,,,,,
TCGA-G4-6294-01A,COAD,,,,,,,,
TCGA-A6-4107-01A,COAD,,,,,,,,
TCGA-AA-3552-01A,COAD,,,,,,,,
TCGA-CM-5862-01A,COAD,,,,,,,,
TCGA-AA-3488-01A,COAD,,,,,,,,
TCGA-CA-5254-01A,COAD,,,,,,,,
TCGA-AD-6890-01A,COAD,,,,,,,,
TCGA-AA-3684-01A,COAD,,,,,,,,
TCGA-AD-6899-01A,COAD,,,,,,,,
TCGA-G4-6306-01A,COAD,,,,,,,,
TCGA-A6-2679-01A,COAD,,,,,,,,
TCGA-CM-5860-01A,COAD,,,,,,,,
TCGA-SS-A7HO-01A,COAD,,,,,,,,
TCGA-AD-6888-01A,COAD,,,,,,,,
TCGA-G4-6310-01A,COAD,,,,,,,,
TCGA-AA-3930-01A,COAD,,,,,,,,
TCGA-WS-AB45-01A,COAD,,,,,,,,
TCGA-AA-3544-01A,COAD,,,,,,,,
TCGA-AA-3975-01A,COAD,,,,,,,,
TCGA-D5-5538-01A,COAD,,,,,,,,
TCGA-CA-6717-01A,COAD,,,,,,,,
TCGA-A6-6780-01A,COAD,,,,,,,,
TCGA-CA-6718-01A,COAD,,,,,,,,
TCGA-F4-6809-01A,COAD,,,,,,,,
TCGA-CM-6170-01A,COAD,,,,,,,,
TCGA-A6-2685-01A,COAD,,,,,,,,
TCGA-AA-3977-01A,COAD,,,,,,,,
TCGA-AA-3811-01A,COAD,,,,,,,,
TCGA-AA-3947-01A,COAD,,,,,,,,
TCGA-D5-6537-01A,COAD,,,,,,,,
TCGA-D5-5537-01A,COAD,,,,,,,,
TCGA-D5-5541-01A,COAD,,,,,,,,
TCGA-AA-3672-01A,COAD,,,,,,,,
TCGA-AA-3527-01A,COAD,,,,,,,,
TCGA-AA-A02R-01A,COAD,,,,,,,,
TCGA-AA-3664-01A,COAD,,,,,,,,
TCGA-CM-6162-01A,COAD,,,,,,,,
TCGA-AA-3939-01A,COAD,,,,,,,,
TCGA-AA-3489-01A,COAD,,,,,,,,
TCGA-G4-6309-01A,COAD,,,,,,,,
TCGA-AA-A02K-01A,COAD,,,,,,,,
TCGA-DM-A28E-01A,COAD,,,,,,,,
TCGA-A6-5657-01A,COAD,,,,,,,,
TCGA-AA-3525-01A,COAD,,,,,,,,
TCGA-G4-6323-01A,COAD,,,,,,,,
TCGA-AA-3973-01A,COAD,,,,,,,,
TCGA-AA-3492-01A,COAD,,,,,,,,
TCGA-G4-6322-01A,COAD,,,,,,,,
TCGA-AA-3695-01A,COAD,,,,,,,,
TCGA-A6-2678-01A,COAD,,,,,,,,
TCGA-G4-6314-01A,COAD,,,,,,,,
TCGA-D5-6532-01A,COAD,,,,,,,,
TCGA-DM-A0XF-01A,COAD,,,,,,,,
TCGA-AZ-6599-01A,COAD,,,,,,,,
TCGA-44-5644-01A,LUAD,,,,,,,,
TCGA-MP-A4TK-01A,LUAD,,,,,,,,
TCGA-49-AARN-01A,LUAD,,,,,,,,
TCGA-J2-A4AD-01A,LUAD,,,,,,,,
TCGA-91-6828-01A,LUAD,,,,,,,,
TCGA-44-2668-01A,LUAD,,,,,,,,
TCGA-86-7701-01A,LUAD,,,,,,,,
TCGA-91-6831-01A,LUAD,,,,,,,,
TCGA-55-8510-01A,LUAD,,,,,,,,
TCGA-73-7498-01A,LUAD,,,,,,,,
TCGA-86-8074-01A,LUAD,,,,,,,,
TCGA-91-6835-01A,LUAD,,,,,,,,
TCGA-64-5815-01A,LUAD,,,,,,,,
TCGA-05-4405-01A,LUAD,,,,,,,,
TCGA-64-5775-01A,LUAD,,,,,,,,
TCGA-86-8671-01A,LUAD,,,,,,,,
TCGA-50-5946-01A,LUAD,,,,,,,,
TCGA-50-5045-01A,LUAD,,,,,,,,
TCGA-97-A4M3-01A,LUAD,,,,,,,,
TCGA-62-8399-01A,LUAD,,,,,,,,
TCGA-50-8460-01A,LUAD,,,,,,,,
TCGA-86-8359-01A,LUAD,,,,,,,,
TCGA-86-A456-01A,LUAD,,,,,,,,
TCGA-95-7039-01A,LUAD,,,,,,,,
TCGA-75-5126-01A,LUAD,,,,,,,,
TCGA-05-4249-01A,LUAD,,,,,,,,
TCGA-55-8206-01A,LUAD,,,,,,,,
TCGA-35-5375-01A,LUAD,,,,,,,,
TCGA-44-2665-01A,LUAD,,,,,,,,
TCGA-55-7907-01A,LUAD,,,,,,,,
TCGA-73-A9RS-01A,LUAD,,,,,,,,
TCGA-62-A46R-01A,LUAD,,,,,,,,
TCGA-62-A470-01A,LUAD,,,,,,,,
TCGA-78-7536-01A,LUAD,,,,,,,,
TCGA-86-8280-01A,LUAD,,,,,,,,
TCGA-05-4430-01A,LUAD,,,,,,,,
TCGA-78-7152-01A,LUAD,,,,,,,,
TCGA-62-8398-01A,LUAD,,,,,,,,
TCGA-86-8281-01A,LUAD,,,,,,,,
TCGA-50-6597-01A,LUAD,,,,,,,,
TCGA-MP-A4TH-01A,LUAD,,,,,,,,
TCGA-44-3396-01A,LUAD,,,,,,,,
TCGA-MN-A4N1-01A,LUAD,,,,,,,,
TCGA-55-A48Y-01A,LUAD,,,,,,,,
TCGA-49-6767-01A,LUAD,,,,,,,,
TCGA-MP-A4TJ-01A,LUAD,,,,,,,,
TCGA-75-5125-01A,LUAD,,,,,,,,
TCGA-78-7143-01A,LUAD,,,,,,,,
TCGA-05-4425-01A,LUAD,,,,,,,,
TCGA-NJ-A4YG-01A,LUAD,,,,,,,,
TCGA-50-6594-01A,LUAD,,,,,,,,
TCGA-L9-A8F4-01A,LUAD,,,,,,,,
TCGA-05-4433-01A,LUAD,,,,,,,,
TCGA-78-7146-01A,LUAD,,,,,,,,
TCGA-49-4506-01A,LUAD,,,,,,,,
TCGA-MP-A4TF-01A,LUAD,,,,,,,,
TCGA-86-8358-01A,LUAD,,,,,,,,
TCGA-44-7662-01A,LUAD,,,,,,,,
TCGA-78-8662-01A,LUAD,,,,,,,,
TCGA-91-6848-01A,LUAD,,,,,,,,
TCGA-44-3919-01A,LUAD,,,,,,,,
TCGA-J2-8194-01A,LUAD,,,,,,,,
TCGA-50-7109-01A,LUAD,,,,,,,,
TCGA-L9-A743-01A,LUAD,,,,,,,,
TCGA-49-AAR9-01A,LUAD,,,,,,,,
TCGA-55-8508-01A,LUAD,,,,,,,,
TCGA-S2-AA1A-01A,LUAD,,,,,,,,
TCGA-50-5931-01A,LUAD,,,,,,,,
TCGA-97-8175-01A,LUAD,,,,,,,,
TCGA-49-4490-01A,LUAD,,,,,,,,
TCGA-38-4628-01A,LUAD,,,,,,,,
TCGA-55-6987-01A,LUAD,,,,,,,,
TCGA-05-4395-01A,LUAD,,,,,,,,
TCGA-64-5781-01A,LUAD,,,,,,,,
TCGA-69-7761-01A,LUAD,,,,,,,,
TCGA-44-7671-01A,LUAD,,,,,,,,
TCGA-50-5068-01A,LUAD,,,,,,,,
TCGA-55-8507-01A,LUAD,,,,,,,,
TCGA-50-5932-01A,LUAD,,,,,,,,
TCGA-97-8177-01A,LUAD,,,,,,,,
TCGA-05-4434-01A,LUAD,,,,,,,,
TCGA-69-7763-01A,LUAD,,,,,,,,
TCGA-MP-A4SY-01A,LUAD,,,,,,,,
TCGA-50-6591-01A,LUAD,,,,,,,,
TCGA-75-6205-01A,LUAD,,,,,,,,
TCGA-64-1677-01A,LUAD,,,,,,,,
TCGA-MP-A4T4-01A,LUAD,,,,,,,,
TCGA-44-7669-01A,LUAD,,,,,,,,
TCGA-50-5944-01A,LUAD,,,,,,,,
TCGA-55-7815-01A,LUAD,,,,,,,,
TCGA-97-8179-01A,LUAD,,,,,,,,
TCGA-49-AAQV-01A,LUAD,,,,,,,,
TCGA-38-7271-01A,LUAD,,,,,,,,
TCGA-44-7660-01A,LUAD,,,,,,,,
TCGA-44-6145-01A,LUAD,,,,,,,,
TCGA-91-6849-01A,LUAD,,,,,,,,
TCGA-44-2662-01A,LUAD,,,,,,,,
TCGA-78-7158-01A,LUAD,,,,,,,,
TCGA-99-8025-01A,LUAD,,,,,,,,
TCGA-75-6214-01A,LUAD,,,,,,,,
TCGA-L9-A444-01A,LUAD,,,,,,,,
TCGA-78-7542-01A,LUAD,,,,,,,,
TCGA-MP-A4SV-01A,LUAD,,,,,,,,
TCGA-91-8496-01A,LUAD,,,,,,,,
TCGA-62-A46S-01A,LUAD,,,,,,,,
TCGA-69-A59K-01A,LUAD,,,,,,,,
TCGA-91-A4BD-01A,LUAD,,,,,,,,
TCGA-55-A48Z-01A,LUAD,,,,,,,,
TCGA-44-A47G-01A,LUAD,,,,,,,,
TCGA-78-8640-01A,LUAD,,,,,,,,
TCGA-55-6970-01A,LUAD,,,,,,,,
TCGA-67-3770-01A,LUAD,,,,,,,,
TCGA-50-8457-01A,LUAD,,,,,,,,
TCGA-86-8056-01A,LUAD,,,,,,,,
TCGA-80-5608-01A,LUAD,,,,,,,,
TCGA-78-7156-01A,LUAD,,,,,,,,
TCGA-67-6215-01A,LUAD,,,,,,,,
TCGA-97-8174-01A,LUAD,,,,,,,,
TCGA-71-8520-01A,LUAD,,,,,,,,
TCGA-55-7227-01A,LUAD,,,,,,,,
TCGA-55-8621-01A,LUAD,,,,,,,,
TCGA-44-8117-01A,LUAD,,,,,,,,
TCGA-49-6742-01A,LUAD,,,,,,,,
TCGA-50-6593-01A,LUAD,,,,,,,,
TCGA-91-6840-01A,LUAD,,,,,,,,
TCGA-J2-8192-01A,LUAD,,,,,,,,
TCGA-62-8394-01A,LUAD,,,,,,,,
TCGA-50-5935-01A,LUAD,,,,,,,,
TCGA-L4-A4E5-01A,LUAD,,,,,,,,
TCGA-55-A490-01A,LUAD,,,,,,,,
TCGA-55-1596-01A,LUAD,,,,,,,,
TCGA-MP-A4TD-01A,LUAD,,,,,,,,
TCGA-67-6216-01A,LUAD,,,,,,,,
TCGA-44-6777-01A,LUAD,,,,,,,,
TCGA-86-8674-01A,LUAD,,,,,,,,
TCGA-MP-A4TA-01A,LUAD,,,,,,,,
TCGA-75-7025-01A,LUAD,,,,,,,,
TCGA-L4-A4E6-01A,LUAD,,,,,,,,
TCGA-55-6979-01A,LUAD,,,,,,,,
TCGA-49-6744-01A,LUAD,,,,,,,,
TCGA-95-A4VK-01A,LUAD,,,,,,,,
TCGA-50-5939-01A,LUAD,,,,,,,,
TCGA-55-7913-01B,LUAD,,,,,,,,
TCGA-05-5429-01A,LUAD,,,,,,,,
TCGA-78-7154-01A,LUAD,,,,,,,,
TCGA-86-7713-01A,LUAD,,,,,,,,
TCGA-97-7553-01A,LUAD,,,,,,,,
TCGA-67-6217-01A,LUAD,,,,,,,,
TCGA-86-A4P8-01A,LUAD,,,,,,,,
TCGA-L9-A443-01A,LUAD,,,,,,,,
TCGA-97-8547-01A,LUAD,,,,,,,,
TCGA-50-5933-01A,LUAD,,,,,,,,
TCGA-97-7546-01A,LUAD,,,,,,,,
TCGA-J2-A4AG-01A,LUAD,,,,,,,,
TCGA-86-6562-01A,LUAD,,,,,,,,
TCGA-78-7535-01A,LUAD,,,,,,,,
TCGA-44-6147-01A,LUAD,,,,,,,,
TCGA-05-4427-01A,LUAD,,,,,,,,
TCGA-50-5055-01A,LUAD,,,,,,,,
TCGA-71-6725-01A,LUAD,,,,,,,,
TCGA-75-5146-01A,LUAD,,,,,,,,
TCGA-97-A4M7-01A,LUAD,,,,,,,,
TCGA-05-5715-01A,LUAD,,,,,,,,
TCGA-50-5066-01A,LUAD,,,,,,,,
TCGA-MP-A4TC-01A,LUAD,,,,,,,,
TCGA-MN-A4N4-01A,LUAD,,,,,,,,
TCGA-55-5899-01A,LUAD,,,,,,,,
TCGA-44-3398-01A,LUAD,,,,,,,,
TCGA-55-1592-01A,LUAD,,,,,,,,
TCGA-97-A4M1-01A,LUAD,,,,,,,,
TCGA-38-4632-01A,LUAD,,,,,,,,
TCGA-78-7150-01A,LUAD,,,,,,,,
TCGA-55-7995-01A,LUAD,,,,,,,,
TCGA-55-8513-01A,LUAD,,,,,,,,
TCGA-55-6982-01A,LUAD,,,,,,,,
TCGA-55-8512-01A,LUAD,,,,,,,,
TCGA-73-4659-01A,LUAD,,,,,,,,
TCGA-53-7813-01A,LUAD,,,,,,,,
TCGA-55-6972-01A,LUAD,,,,,,,,
TCGA-MP-A5C7-01A,LUAD,,,,,,,,
TCGA-50-5072-01A,LUAD,,,,,,,,
TCGA-49-4487-01A,LUAD,,,,,,,,
TCGA-49-AAR0-01A,LUAD,,,,,,,,
TCGA-86-7714-01A,LUAD,,,,,,,,
TCGA-69-7765-01A,LUAD,,,,,,,,
TCGA-55-7283-01A,LUAD,,,,,,,,
TCGA-69-7760-01A,LUAD,,,,,,,,
TCGA-44-A4SS-01A,LUAD,,,,,,,,
TCGA-50-5051-01A,LUAD,,,,,,,,
TCGA-MP-A4SW-01A,LUAD,,,,,,,,
TCGA-55-1595-01A,LUAD,,,,,,,,
TCGA-86-8673-01A,LUAD,,,,,,,,
TCGA-75-7031-01A,LUAD,,,,,,,,
TCGA-75-6207-01A,LUAD,,,,,,,,
TCGA-50-5044-01A,LUAD,,,,,,,,
TCGA-55-8087-01A,LUAD,,,,,,,,
TCGA-95-8494-01A,LUAD,,,,,,,,
TCGA-62-8395-01A,LUAD,,,,,,,,
TCGA-83-5908-01A,LUAD,,,,,,,,
TCGA-86-8073-01A,LUAD,,,,,,,,
TCGA-55-8301-01A,LUAD,,,,,,,,
TCGA-J2-A4AE-01A,LUAD,,,,,,,,
TCGA-38-6178-01A,LUAD,,,,,,,,
TCGA-NJ-A4YF-01A,LUAD,,,,,,,,
TCGA-44-8119-01A,LUAD,,,,,,,,
TCGA-44-6146-01A,LUAD,,,,,,,,
TCGA-44-6775-01A,LUAD,,,,,,,,
TCGA-86-A4JF-01A,LUAD,,,,,,,,
TCGA-55-8615-01A,LUAD,,,,,,,,
TCGA-67-3771-01A,LUAD,,,,,,,,
TCGA-64-1678-01A,LUAD,,,,,,,,
TCGA-44-6779-01A,LUAD,,,,,,,,
TCGA-55-8299-01A,LUAD,,,,,,,,
TCGA-55-8203-01A,LUAD,,,,,,,,
TCGA-38-A44F-01A,LUAD,,,,,,,,
TCGA-35-4122-01A,LUAD,,,,,,,,
TCGA-95-7947-01A,LUAD,,,,,,,,
TCGA-78-7161-01A,LUAD,,,,,,,,
TCGA-55-7724-01A,LUAD,,,,,,,,
TCGA-86-8055-01A,LUAD,,,,,,,,
TCGA-78-7145-01A,LUAD,,,,,,,,
TCGA-95-7043-01A,LUAD,,,,,,,,
TCGA-55-6984-01A,LUAD,,,,,,,,
TCGA-80-5607-01A,LUAD,,,,,,,,
TCGA-99-AA5R-01A,LUAD,,,,,,,,
TCGA-44-A4SU-01A,LUAD,,,,,,,,
TCGA-62-A472-01A,LUAD,,,,,,,,
TCGA-MP-A4T7-01A,LUAD,,,,,,,,
TCGA-69-7978-01A,LUAD,,,,,,,,
TCGA-86-6851-01A,LUAD,,,,,,,,
TCGA-97-8552-01A,LUAD,,,,,,,,
TCGA-44-2657-01A,LUAD,,,,,,,,
TCGA-78-7220-01A,LUAD,,,,,,,,
TCGA-44-7659-01A,LUAD,,,,,,,,
TCGA-55-6985-01A,LUAD,,,,,,,,
TCGA-55-7911-01A,LUAD,,,,,,,,
TCGA-49-6761-01A,LUAD,,,,,,,,
TCGA-78-7148-01A,LUAD,,,,,,,,
TCGA-49-AAR2-01A,LUAD,,,,,,,,
TCGA-62-A46P-01A,LUAD,,,,,,,,
TCGA-50-5930-01A,LUAD,,,,,,,,
TCGA-53-A4EZ-01A,LUAD,,,,,,,,
TCGA-NJ-A7XG-01A,LUAD,,,,,,,,
TCGA-69-8253-01A,LUAD,,,,,,,,
TCGA-55-8511-01A,LUAD,,,,,,,,
TCGA-86-8668-01A,LUAD,,,,,,,,
TCGA-86-A4P7-01A,LUAD,,,,,,,,
TCGA-97-A4M2-01A,LUAD,,,,,,,,
TCGA-49-4488-01A,LUAD,,,,,,,,
TCGA-93-A4JO-01A,LUAD,,,,,,,,
TCGA-05-4398-01A,LUAD,,,,,,,,
TCGA-44-A47A-01A,LUAD,,,,,,,,
TCGA-44-6144-01A,LUAD,,,,,,,,
TCGA-55-7284-01B,LUAD,,,,,,,,
TCGA-55-8619-01A,LUAD,,,,,,,,
TCGA-55-8514-01A,LUAD,,,,,,,,
TCGA-49-6745-01A,LUAD,,,,,,,,
TCGA-55-8616-01A,LUAD,,,,,,,,
TCGA-50-6673-01A,LUAD,,,,,,,,
TCGA-49-AARO-01A,LUAD,,,,,,,,
TCGA-49-AAR3-01A,LUAD,,,,,,,,
TCGA-55-7903-01A,LUAD,,,,,,,,
TCGA-05-4426-01A,LUAD,,,,,,,,
TCGA-50-5941-01A,LUAD,,,,,,,,
TCGA-NJ-A55R-01A,LUAD,,,,,,,,
TCGA-95-A4VN-01A,LUAD,,,,,,,,
TCGA-55-7727-01A,LUAD,,,,,,,,
TCGA-50-5942-01A,LUAD,,,,,,,,
TCGA-55-8097-01A,LUAD,,,,,,,,
TCGA-86-8075-01A,LUAD,,,,,,,,
TCGA-55-A4DG-01A,LUAD,,,,,,,,
TCGA-38-4625-01A,LUAD,,,,,,,,
TCGA-4B-A93V-01A,LUAD,,,,,,,,
TCGA-38-4631-01A,LUAD,,,,,,,,
TCGA-95-7567-01A,LUAD,,,,,,,,
TCGA-44-2656-01A,LUAD,,,,,,,,
TCGA-78-7163-01A,LUAD,,,,,,,,
TCGA-69-7979-01A,LUAD,,,,,,,,
TCGA-73-7499-01A,LUAD,,,,,,,,
TCGA-86-7955-01A,LUAD,,,,,,,,
TCGA-L9-A50W-01A,LUAD,,,,,,,,
TCGA-75-6211-01A,LUAD,,,,,,,,
TCGA-49-4512-01A,LUAD,,,,,,,,
TCGA-93-A4JQ-01A,LUAD,,,,,,,,
TCGA-55-A491-01A,LUAD,,,,,,,,
TCGA-75-6203-01A,LUAD,,,,,,,,
TCGA-62-8402-01A,LUAD,,,,,,,,
TCGA-44-6147-01B,LUAD,,,,,,,,
TCGA-MP-A4T2-01A,LUAD,,,,,,,,
TCGA-50-6592-01A,LUAD,,,,,,,,
TCGA-49-4486-01A,LUAD,,,,,,,,
TCGA-NJ-A4YP-01A,LUAD,,,,,,,,
TCGA-55-8094-01A,LUAD,,,,,,,,
TCGA-86-8054-01A,LUAD,,,,,,,,
TCGA-49-4494-01A,LUAD,,,,,,,,
TCGA-55-6980-01A,LUAD,,,,,,,,
TCGA-55-8204-01A,LUAD,,,,,,,,
TCGA-95-7948-01A,LUAD,,,,,,,,
TCGA-05-4396-01A,LUAD,,,,,,,,
TCGA-05-5428-01A,LUAD,,,,,,,,
TCGA-53-7624-01A,LUAD,,,,,,,,
TCGA-55-8092-01A,LUAD,,,,,,,,
TCGA-99-8033-01A,LUAD,,,,,,,,
TCGA-55-6983-01A,LUAD,,,,,,,,
TCGA-44-A47F-01A,LUAD,,,,,,,,
TCGA-73-4675-01A,LUAD,,,,,,,,
TCGA-55-A494-01A,LUAD,,,,,,,,
TCGA-49-4510-01A,LUAD,,,,,,,,
TCGA-44-2655-01A,LUAD,,,,,,,,
TCGA-55-6712-01A,LUAD,,,,,,,,
TCGA-78-7537-01A,LUAD,,,,,,,,
TCGA-05-5420-01A,LUAD,,,,,,,,
TCGA-69-7974-01A,LUAD,,,,,,,,
TCGA-49-4505-01A,LUAD,,,,,,,,
TCGA-44-7672-01A,LUAD,,,,,,,,
TCGA-55-6969-01A,LUAD,,,,,,,,
TCGA-L9-A5IP-01A,LUAD,,,,,,,,
TCGA-75-6212-01A,LUAD,,,,,,,,
TCGA-78-7159-01A,LUAD,,,,,,,,
TCGA-05-5423-01A,LUAD,,,,,,,,
TCGA-55-7728-01A,LUAD,,,,,,,,
TCGA-55-6986-01A,LUAD,,,,,,,,
TCGA-44-A479-01A,LUAD,,,,,,,,
TCGA-44-6146-01B,LUAD,,,,,,,,
TCGA-86-7954-01A,LUAD,,,,,,,,
TCGA-69-8254-01A,LUAD,,,,,,,,
TCGA-78-7149-01A,LUAD,,,,,,,,
TCGA-75-5122-01A,LUAD,,,,,,,,
TCGA-67-4679-01B,LUAD,,,,,,,,
TCGA-L9-A7SV-01A,LUAD,,,,,,,,
TCGA-O1-A52J-01A,LUAD,,,,,,,,
TCGA-62-A46O-01A,LUAD,,,,,,,,
TCGA-86-7711-01A,LUAD,,,,,,,,
TCGA-55-7914-01A,LUAD,,,,,,,,
TCGA-55-8620-01A,LUAD,,,,,,,,
TCGA-99-8028-01A,LUAD,,,,,,,,
TCGA-55-6978-01A,LUAD,,,,,,,,
TCGA-55-6543-01A,LUAD,,,,,,,,
TCGA-86-8076-01A,LUAD,,,,,,,,
TCGA-55-7574-01A,LUAD,,,,,,,,
TCGA-05-4417-01A,LUAD,,,,,,,,
TCGA-NJ-A4YQ-01A,LUAD,,,,,,,,
TCGA-44-7661-01A,LUAD,,,,,,,,
TCGA-05-4403-01A,LUAD,,,,,,,,
TCGA-95-8039-01A,LUAD,,,,,,,,
TCGA-49-AARE-01A,LUAD,,,,,,,,
TCGA-55-6971-01A,LUAD,,,,,,,,
TCGA-44-7667-01A,LUAD,,,,,,,,
TCGA-55-8302-01A,LUAD,,,,,,,,
TCGA-75-5147-01A,LUAD,,,,,,,,
TCGA-62-A46V-01A,LUAD,,,,,,,,
TCGA-35-4123-01A,LUAD,,,,,,,,
TCGA-93-7347-01A,LUAD,,,,,,,,
TCGA-55-7816-01A,LUAD,,,,,,,,
TCGA-05-4397-01A,LUAD,,,,,,,,
TCGA-55-8089-01A,LUAD,,,,,,,,
TCGA-38-4630-01A,LUAD,,,,,,,,
TCGA-67-3774-01A,LUAD,,,,,,,,
TCGA-55-8614-01A,LUAD,,,,,,,,
TCGA-86-8278-01A,LUAD,,,,,,,,
TCGA-05-4389-01A,LUAD,,,,,,,,
TCGA-78-7153-01A,LUAD,,,,,,,,
TCGA-55-7281-01A,LUAD,,,,,,,,
TCGA-55-7576-01A,LUAD,,,,,,,,
TCGA-55-7910-01A,LUAD,,,,,,,,
TCGA-50-5936-01A,LUAD,,,,,,,,
TCGA-97-7547-01A,LUAD,,,,,,,,
TCGA-44-6774-01A,LUAD,,,,,,,,
TCGA-67-3773-01A,LUAD,,,,,,,,
TCGA-78-7160-01A,LUAD,,,,,,,,
TCGA-44-7670-01A,LUAD,,,,,,,,
TCGA-62-A46Y-01A,LUAD,,,,,,,,
TCGA-44-6148-01A,LUAD,,,,,,,,
TCGA-97-A4LX-01A,LUAD,,,,,,,,
TCGA-78-7162-01A,LUAD,,,,,,,,
TCGA-86-8672-01A,LUAD,,,,,,,,
TCGA-67-3772-01A,LUAD,,,,,,,,
TCGA-49-4507-01A,LUAD,,,,,,,,
TCGA-44-2666-01A,LUAD,,,,,,,,
TCGA-55-6642-01A,LUAD,,,,,,,,
TCGA-62-A471-01A,LUAD,,,,,,,,
TCGA-95-7562-01A,LUAD,,,,,,,,
TCGA-55-A493-01A,LUAD,,,,,,,,
TCGA-05-4418-01A,LUAD,,,,,,,,
TCGA-05-4432-01A,LUAD,,,,,,,,
TCGA-05-5425-01A,LUAD,,,,,,,,
TCGA-05-4382-01A,LUAD,,,,,,,,
TCGA-78-8648-01A,LUAD,,,,,,,,
TCGA-97-7937-01A,LUAD,,,,,,,,
TCGA-93-8067-01A,LUAD,,,,,,,,
TCGA-MP-A4TI-01A,LUAD,,,,,,,,
TCGA-78-8655-01A,LUAD,,,,,,,,
TCGA-35-3615-01A,LUAD,,,,,,,,
TCGA-73-4662-01A,LUAD,,,,,,,,
TCGA-80-5611-01A,LUAD,,,,,,,,
TCGA-44-5643-01A,LUAD,,,,,,,,
TCGA-55-7570-01A,LUAD,,,,,,,,
TCGA-MP-A4TE-01A,LUAD,,,,,,,,
TCGA-91-8497-01A,LUAD,,,,,,,,
TCGA-44-6778-01A,LUAD,,,,,,,,
TCGA-97-8176-01A,LUAD,,,,,,,,
TCGA-49-4501-01A,LUAD,,,,,,,,
TCGA-NJ-A55A-01A,LUAD,,,,,,,,
TCGA-55-8208-01A,LUAD,,,,,,,,
TCGA-91-8499-01A,LUAD,,,,,,,,
TCGA-44-5645-01A,LUAD,,,,,,,,
TCGA-78-7540-01A,LUAD,,,,,,,,
TCGA-78-7147-01A,LUAD,,,,,,,,
TCGA-93-A4JN-01A,LUAD,,,,,,,,
TCGA-97-7938-01A,LUAD,,,,,,,,
TCGA-55-8506-01A,LUAD,,,,,,,,
TCGA-86-8585-01A,LUAD,,,,,,,,
TCGA-55-6981-01A,LUAD,,,,,,,,
TCGA-55-A492-01A,LUAD,,,,,,,,
TCGA-53-7626-01A,LUAD,,,,,,,,
TCGA-73-4658-01A,LUAD,,,,,,,,
TCGA-62-A46U-01A,LUAD,,,,,,,,
TCGA-64-1679-01A,LUAD,,,,,,,,
TCGA-75-7027-01A,LUAD,,,,,,,,
TCGA-50-6595-01A,LUAD,,,,,,,,
TCGA-49-4514-01A,LUAD,,,,,,,,
TCGA-91-6847-01A,LUAD,,,,,,,,
TCGA-64-5779-01A,LUAD,,,,,,,,
TCGA-55-7994-01A,LUAD,,,,,,,,
TCGA-78-7166-01A,LUAD,,,,,,,,
TCGA-91-7771-01A,LUAD,,,,,,,,
TCGA-05-4244-01A,LUAD,,,,,,,,
TCGA-91-6836-01A,LUAD,,,,,,,,
TCGA-93-A4JP-01A,LUAD,,,,,,,,
TCGA-55-8090-01A,LUAD,,,,,,,,
TCGA-05-4422-01A,LUAD,,,,,,,,
TCGA-99-8032-01A,LUAD,,,,,,,,
TCGA-55-7725-01A,LUAD,,,,,,,,
TCGA-49-6743-01A,LUAD,,,,,,,,
TCGA-97-A4M0-01A,LUAD,,,,,,,,
TCGA-78-8660-01A,LUAD,,,,,,,,
TCGA-50-5049-01A,LUAD,,,,,,,,
TCGA-NJ-A4YI-01A,LUAD,,,,,,,,
TCGA-69-8255-01A,LUAD,,,,,,,,
TCGA-64-5778-01A,LUAD,,,,,,,,
TCGA-55-8505-01A,LUAD,,,,,,,,
TCGA-44-2661-01A,LUAD,,,,,,,,
TCGA-75-7030-01A,LUAD,,,,,,,,
TCGA-MN-A4N5-01A,LUAD,,,,,,,,
TCGA-86-A4D0-01A,LUAD,,,,,,,,
TCGA-91-6829-01A,LUAD,,,,,,,,
TCGA-44-3918-01A,LUAD,,,,,,,,
TCGA-44-4112-01A,LUAD,,,,,,,,
TCGA-38-4626-01A,LUAD,,,,,,,,
TCGA-55-A48X-01A,LUAD,,,,,,,,
TCGA-55-8096-01A,LUAD,,,,,,,,
TCGA-55-1594-01A,LUAD,,,,,,,,
TCGA-38-4629-01A,LUAD,,,,,,,,
TCGA-97-7941-01A,LUAD,,,,,,,,
TCGA-86-7953-01A,LUAD,,,,,,,,
TCGA-05-4390-01A,LUAD,,,,,,,,
TCGA-97-7552-01A,LUAD,,,,,,,,
TCGA-55-7573-01A,LUAD,,,,,,,,
TCGA-55-8085-01A,LUAD,,,,,,,,
TCGA-62-8397-01A,LUAD,,,,,,,,
TCGA-97-7554-01A,LUAD,,,,,,,,
TCGA-55-7726-01A,LUAD,,,,,,,,
TCGA-95-A4VP-01A,LUAD,,,,,,,,
TCGA-97-A4M6-01A,LUAD,,,,,,,,
TCGA-69-7973-01A,LUAD,,,,,,,,
TCGA-05-4415-01A,LUAD,,,,,,,,
TCGA-05-4410-01A,LUAD,,,,,,,,
TCGA-MP-A4T8-01A,LUAD,,,,,,,,
TCGA-50-8459-01A,LUAD,,,,,,,,
TCGA-64-1680-01A,LUAD,,,,,,,,
TCGA-05-4384-01A,LUAD,,,,,,,,
TCGA-86-8279-01A,LUAD,,,,,,,,
TCGA-55-A57B-01A,LUAD,,,,,,,,
TCGA-55-8205-01A,LUAD,,,,,,,,
TCGA-78-7155-01A,LUAD,,,,,,,,
TCGA-44-6776-01A,LUAD,,,,,,,,
TCGA-44-8120-01A,LUAD,,,,,,,,
TCGA-69-8453-01A,LUAD,,,,,,,,
TCGA-97-A4M5-01A,LUAD,,,,,,,,
TCGA-MP-A4T6-01A,LUAD,,,,,,,,
TCGA-91-A4BC-01A,LUAD,,,,,,,,
TCGA-55-8207-01A,LUAD,,,,,,,,
TCGA-05-4402-01A,LUAD,,,,,,,,
TCGA-50-6590-01A,LUAD,,,,,,,,
TCGA-64-1681-01A,LUAD,,,,,,,,
TCGA-NJ-A55O-01A,LUAD,,,,,,,,
TCGA-86-8669-01A,LUAD,,,,,,,,
TCGA-49-AARR-01A,LUAD,,,,,,,,
TCGA-05-4424-01A,LUAD,,,,,,,,
TCGA-75-6206-01A,LUAD,,,,,,,,
TCGA-69-7764-01A,LUAD,,,,,,,,
TCGA-97-8172-01A,LUAD,,,,,,,,
TCGA-95-7944-01A,LUAD,,,,,,,,
TCGA-64-5774-01A,LUAD,,,,,,,,
TCGA-55-A4DF-01A,LUAD,,,,,,,,
TCGA-78-7633-01A,LUAD,,,,,,,,
TCGA-78-7167-01A,LUAD,,,,,,,,
TCGA-99-7458-01A,LUAD,,,,,,,,
TCGA-44-2659-01A,LUAD,,,,,,,,
TCGA-93-7348-01A,LUAD,,,,,,,,
TCGA-49-AARQ-01A,LUAD,,,,,,,,
TCGA-91-6830-01A,LUAD,,,,,,,,
TCGA-69-7980-01A,LUAD,,,,,,,,
TCGA-44-A47B-01A,LUAD,,,,,,,,
TCGA-64-1676-01A,LUAD,,,,,,,,
TCGA-44-6775-01C,LUAD,,,,,,,,
TCGA-55-8091-01A,LUAD,,,,,,,,
TCGA-78-7539-01A,LUAD,,,,,,,,
TCGA-05-4420-01A,LUAD,,,,,,,,
TCGA-38-4627-01A,LUAD,,,,,,,,
TCGA-05-4250-01A,LUAD,,,,,,,,
TCGA-73-4676-01A,LUAD,,,,,,,,
TCGA-MP-A4T9-01A,LUAD,,,,,,,,
TCGA-55-6968-01A,LUAD,,,,,,,,
TCGA-97-8171-01A,LUAD,,,,,,,,
TCGA-49-AAR4-01A,LUAD,,,,,,,,
TCGA-60-2710-01A,LUSC,,,,,,,,
TCGA-33-A5GW-01A,LUSC,,,,,,,,
TCGA-34-2609-01A,LUSC,,,,,,,,
TCGA-43-3394-01A,LUSC,,,,,,,,
TCGA-56-A62T-01A,LUSC,,,,,,,,
TCGA-58-A46M-01A,LUSC,,,,,,,,
TCGA-43-A56V-01A,LUSC,,,,,,,,
TCGA-56-7579-01A,LUSC,,,,,,,,
TCGA-77-7138-01A,LUSC,,,,,,,,
TCGA-21-5782-01A,LUSC,,,,,,,,
TCGA-92-7341-01A,LUSC,,,,,,,,
TCGA-18-4721-01A,LUSC,,,,,,,,
TCGA-21-A5DI-01A,LUSC,,,,,,,,
TCGA-92-7340-01A,LUSC,,,,,,,,
TCGA-39-5027-01A,LUSC,,,,,,,,
TCGA-22-5491-01A,LUSC,,,,,,,,
TCGA-66-2753-01A,LUSC,,,,,,,,
TCGA-22-5481-01A,LUSC,,,,,,,,
TCGA-37-4135-01A,LUSC,,,,,,,,
TCGA-46-3765-01A,LUSC,,,,,,,,
TCGA-34-5239-01A,LUSC,,,,,,,,
TCGA-85-8354-01A,LUSC,,,,,,,,
TCGA-33-4589-01A,LUSC,,,,,,,,
TCGA-34-5928-01A,LUSC,,,,,,,,
TCGA-NC-A5HM-01A,LUSC,,,,,,,,
TCGA-37-A5EL-01A,LUSC,,,,,,,,
TCGA-L3-A524-01A,LUSC,,,,,,,,
TCGA-60-2703-01A,LUSC,,,,,,,,
TCGA-NC-A5HJ-01A,LUSC,,,,,,,,
TCGA-52-7810-01A,LUSC,,,,,,,,
TCGA-34-7107-01A,LUSC,,,,,,,,
TCGA-56-1622-01A,LUSC,,,,,,,,
TCGA-63-A5MB-01A,LUSC,,,,,,,,
TCGA-NC-A5HO-01A,LUSC,,,,,,,,
TCGA-56-7822-01A,LUSC,,,,,,,,
TCGA-NK-A5CT-01A,LUSC,,,,,,,,
TCGA-34-5231-01A,LUSC,,,,,,,,
TCGA-56-8309-01A,LUSC,,,,,,,,
TCGA-85-A4CN-01A,LUSC,,,,,,,,
TCGA-22-5479-01A,LUSC,,,,,,,,
TCGA-O2-A52W-01A,LUSC,,,,,,,,
TCGA-39-5031-01A,LUSC,,,,,,,,
TCGA-56-8624-01A,LUSC,,,,,,,,
TCGA-43-5670-01A,LUSC,,,,,,,,
TCGA-66-2795-01A,LUSC,,,,,,,,
TCGA-85-7844-01A,LUSC,,,,,,,,
TCGA-22-4596-01A,LUSC,,,,,,,,
TCGA-85-8071-01A,LUSC,,,,,,,,
TCGA-94-A5I6-01A,LUSC,,,,,,,,
TCGA-39-5039-01A,LUSC,,,,,,,,
TCGA-60-2725-01A,LUSC,,,,,,,,
TCGA-43-A475-01A,LUSC,,,,,,,,
TCGA-21-5786-01A,LUSC,,,,,,,,
TCGA-NC-A5HK-01A,LUSC,,,,,,,,
TCGA-90-6837-01A,LUSC,,,,,,,,
TCGA-18-3421-01A,LUSC,,,,,,,,
TCGA-33-4533-01A,LUSC,,,,,,,,
TCGA-33-6738-01A,LUSC,,,,,,,,
TCGA-O2-A5IB-01A,LUSC,,,,,,,,
TCGA-56-8083-01A,LUSC,,,,,,,,
TCGA-21-1078-01A,LUSC,,,,,,,,
TCGA-46-3769-01A,LUSC,,,,,,,,
TCGA-85-A511-01A,LUSC,,,,,,,,
TCGA-85-A4QQ-01A,LUSC,,,,,,,,
TCGA-LA-A7SW-01A,LUSC,,,,,,,,
TCGA-66-2770-01A,LUSC,,,,,,,,
TCGA-85-7699-01A,LUSC,,,,,,,,
TCGA-NC-A5HT-01A,LUSC,,,,,,,,
TCGA-77-8128-01A,LUSC,,,,,,,,
TCGA-60-2712-01A,LUSC,,,,,,,,
TCGA-68-7756-01A,LUSC,,,,,,,,
TCGA-98-8020-01A,LUSC,,,,,,,,
TCGA-18-5595-01A,LUSC,,,,,,,,
TCGA-85-8582-01A,LUSC,,,,,,,,
TCGA-63-A5MT-01A,LUSC,,,,,,,,
TCGA-33-AASB-01A,LUSC,,,,,,,,
TCGA-77-7463-01A,LUSC,,,,,,,,
TCGA-46-3768-01A,LUSC,,,,,,,,
TCGA-85-7950-01A,LUSC,,,,,,,,
TCGA-37-4130-01A,LUSC,,,,,,,,
TCGA-22-1011-01A,LUSC,,,,,,,,
TCGA-34-2605-01A,LUSC,,,,,,,,
TCGA-NC-A5HF-01A,LUSC,,,,,,,,
TCGA-NC-A5HE-01A,LUSC,,,,,,,,
TCGA-NC-A5HD-01A,LUSC,,,,,,,,
TCGA-33-6737-01A,LUSC,,,,,,,,
TCGA-58-8386-01A,LUSC,,,,,,,,
TCGA-60-2709-01A,LUSC,,,,,,,,
TCGA-77-8143-01A,LUSC,,,,,,,,
TCGA-NC-A5HP-01A,LUSC,,,,,,,,
TCGA-56-8082-01A,LUSC,,,,,,,,
TCGA-NK-A5D1-01A,LUSC,,,,,,,,
TCGA-63-6202-01A,LUSC,,,,,,,,
TCGA-51-4080-01A,LUSC,,,,,,,,
TCGA-21-1076-01A,LUSC,,,,,,,,
TCGA-L3-A4E7-01A,LUSC,,,,,,,,
TCGA-22-1012-01A,LUSC,,,,,,,,
TCGA-79-5596-01A,LUSC,,,,,,,,
TCGA-77-7337-01A,LUSC,,,,,,,,
TCGA-34-5929-01A,LUSC,,,,,,,,
TCGA-39-5034-01A,LUSC,,,,,,,,
TCGA-77-8153-01A,LUSC,,,,,,,,
TCGA-39-5040-01A,LUSC,,,,,,,,
TCGA-43-6773-01A,LUSC,,,,,,,,
TCGA-33-AASI-01A,LUSC,,,,,,,,
TCGA-56-8623-01A,LUSC,,,,,,,,
TCGA-43-6143-01A,LUSC,,,,,,,,
TCGA-56-5898-01A,LUSC,,,,,,,,
TCGA-66-2734-01A,LUSC,,,,,,,,
TCGA-66-2777-01A,LUSC,,,,,,,,
TCGA-18-3417-01A,LUSC,,,,,,,,
TCGA-NC-A5HI-01A,LUSC,,,,,,,,
TCGA-37-4141-01A,LUSC,,,,,,,,
TCGA-37-A5EM-01A,LUSC,,,,,,,,
TCGA-60-2719-01A,LUSC,,,,,,,,
TCGA-60-2704-01A,LUSC,,,,,,,,
TCGA-33-4538-01A,LUSC,,,,,,,,
TCGA-85-6560-01A,LUSC,,,,,,,,
TCGA-56-8305-01A,LUSC,,,,,,,,
TCGA-63-A5MG-01A,LUSC,,,,,,,,
TCGA-21-1080-01A,LUSC,,,,,,,,
TCGA-66-2737-01A,LUSC,,,,,,,,
TCGA-43-2578-01A,LUSC,,,,,,,,
TCGA-22-5477-01A,LUSC,,,,,,,,
TCGA-56-A4BW-01A,LUSC,,,,,,,,
TCGA-33-A4WN-01A,LUSC,,,,,,,,
TCGA-60-2706-01A,LUSC,,,,,,,,
TCGA-77-8133-01A,LUSC,,,,,,,,
TCGA-NC-A5HL-01A,LUSC,,,,,,,,
TCGA-85-7697-01A,LUSC,,,,,,,,
TCGA-56-7221-01A,LUSC,,,,,,,,
TCGA-56-8307-01A,LUSC,,,,,,,,
TCGA-85-8072-01A,LUSC,,,,,,,,
TCGA-94-8491-01A,LUSC,,,,,,,,
TCGA-85-8353-01A,LUSC,,,,,,,,
TCGA-34-5927-01A,LUSC,,,,,,,,
TCGA-94-A4VJ-01A,LUSC,,,,,,,,
TCGA-43-2576-01A,LUSC,,,,,,,,
TCGA-NC-A5HH-01A,LUSC,,,,,,,,
TCGA-66-2763-01A,LUSC,,,,,,,,
TCGA-85-A513-01A,LUSC,,,,,,,,
TCGA-34-5240-01A,LUSC,,,,,,,,
TCGA-56-6545-01A,LUSC,,,,,,,,
TCGA-33-4586-01A,LUSC,,,,,,,,
TCGA-63-A5MW-01A,LUSC,,,,,,,,
TCGA-94-7557-01A,LUSC,,,,,,,,
TCGA-66-2780-01A,LUSC,,,,,,,,
TCGA-96-8169-01A,LUSC,,,,,,,,
TCGA-90-7766-01A,LUSC,,,,,,,,
TCGA-22-5471-01A,LUSC,,,,,,,,
TCGA-XC-AA0X-01A,LUSC,,,,,,,,
TCGA-77-8156-01A,LUSC,,,,,,,,
TCGA-22-4594-01A,LUSC,,,,,,,,
TCGA-66-2744-01A,LUSC,,,,,,,,
TCGA-43-8118-01A,LUSC,,,,,,,,
TCGA-39-5021-01A,LUSC,,,,,,,,
TCGA-33-4566-01A,LUSC,,,,,,,,
TCGA-63-A5MI-01A,LUSC,,,,,,,,
TCGA-77-6845-01A,LUSC,,,,,,,,
TCGA-77-6842-01A,LUSC,,,,,,,,
TCGA-56-7582-01A,LUSC,,,,,,,,
TCGA-85-7698-01A,LUSC,,,,,,,,
TCGA-77-7141-01A,LUSC,,,,,,,,
TCGA-56-8304-01A,LUSC,,,,,,,,
TCGA-56-A49D-01A,LUSC,,,,,,,,
TCGA-60-2696-01A,LUSC,,,,,,,,
TCGA-66-2788-01A,LUSC,,,,,,,,
TCGA-85-8049-01A,LUSC,,,,,,,,
TCGA-58-8388-01A,LUSC,,,,,,,,
TCGA-43-8115-01A,LUSC,,,,,,,,
TCGA-18-3419-01A,LUSC,,,,,,,,
TCGA-66-2782-01A,LUSC,,,,,,,,
TCGA-77-A5G6-01A,LUSC,,,,,,,,
TCGA-56-8629-01A,LUSC,,,,,,,,
TCGA-85-8481-01A,LUSC,,,,,,,,
TCGA-90-A59Q-01A,LUSC,,,,,,,,
TCGA-34-8456-01A,LUSC,,,,,,,,
TCGA-77-A5FZ-01A,LUSC,,,,,,,,
TCGA-43-2581-01A,LUSC,,,,,,,,
TCGA-58-A46L-01A,LUSC,,,,,,,,
TCGA-34-5234-01A,LUSC,,,,,,,,
TCGA-22-4591-01A,LUSC,,,,,,,,
TCGA-63-A5MU-01A,LUSC,,,,,,,,
TCGA-68-A59J-01A,LUSC,,,,,,,,
TCGA-22-4595-01A,LUSC,,,,,,,,
TCGA-85-8352-01A,LUSC,,,,,,,,
TCGA-60-2714-01A,LUSC,,,,,,,,
TCGA-85-A4JC-01A,LUSC,,,,,,,,
TCGA-18-3414-01A,LUSC,,,,,,,,
TCGA-85-8479-01A,LUSC,,,,,,,,
TCGA-39-5019-01A,LUSC,,,,,,,,
TCGA-77-7338-01A,LUSC,,,,,,,,
TCGA-43-7656-01A,LUSC,,,,,,,,
TCGA-92-8064-01A,LUSC,,,,,,,,
TCGA-46-6026-01A,LUSC,,,,,,,,
TCGA-94-A5I4-01A,LUSC,,,,,,,,
TCGA-22-5482-01A,LUSC,,,,,,,,
TCGA-85-8070-01A,LUSC,,,,,,,,
TCGA-70-6722-01A,LUSC,,,,,,,,
TCGA-98-A53B-01A,LUSC,,,,,,,,
TCGA-63-A5MM-01A,LUSC,,,,,,,,
TCGA-63-A5MN-01A,LUSC,,,,,,,,
TCGA-39-5028-01A,LUSC,,,,,,,,
TCGA-22-4607-01A,LUSC,,,,,,,,
TCGA-85-8351-01A,LUSC,,,,,,,,
TCGA-66-2789-01A,LUSC,,,,,,,,
TCGA-56-5897-01A,LUSC,,,,,,,,
TCGA-56-7580-01A,LUSC,,,,,,,,
TCGA-56-7823-01B,LUSC,,,,,,,,
TCGA-33-AASL-01A,LUSC,,,,,,,,
TCGA-77-8009-01A,LUSC,,,,,,,,
TCGA-66-2766-01A,LUSC,,,,,,,,
TCGA-43-6647-01A,LUSC,,,,,,,,
TCGA-60-2713-01A,LUSC,,,,,,,,
TCGA-68-8251-01A,LUSC,,,,,,,,
TCGA-90-7769-01A,LUSC,,,,,,,,
TCGA-66-2787-01A,LUSC,,,,,,,,
TCGA-85-8276-01A,LUSC,,,,,,,,
TCGA-77-A5GF-01A,LUSC,,,,,,,,
TCGA-70-6723-01A,LUSC,,,,,,,,
TCGA-63-5128-01A,LUSC,,,,,,,,
TCGA-22-5483-01A,LUSC,,,,,,,,
TCGA-52-7809-01A,LUSC,,,,,,,,
TCGA-22-5474-01A,LUSC,,,,,,,,
TCGA-21-1079-01A,LUSC,,,,,,,,
TCGA-66-2785-01A,LUSC,,,,,,,,
TCGA-63-A5M9-01A,LUSC,,,,,,,,
TCGA-56-A4ZK-01A,LUSC,,,,,,,,
TCGA-60-2716-01A,LUSC,,,,,,,,
TCGA-34-2596-01A,LUSC,,,,,,,,
TCGA-85-8350-01A,LUSC,,,,,,,,
TCGA-77-7142-01A,LUSC,,,,,,,,
TCGA-NC-A5HN-01A,LUSC,,,,,,,,
TCGA-22-5472-01A,LUSC,,,,,,,,
TCGA-85-8287-01A,LUSC,,,,,,,,
TCGA-33-4547-01A,LUSC,,,,,,,,
TCGA-77-8131-01A,LUSC,,,,,,,,
TCGA-18-3406-01A,LUSC,,,,,,,,
TCGA-77-8007-01A,LUSC,,,,,,,,
TCGA-39-5024-01A,LUSC,,,,,,,,
TCGA-43-5668-01A,LUSC,,,,,,,,
TCGA-85-A512-01A,LUSC,,,,,,,,
TCGA-60-2711-01A,LUSC,,,,,,,,
TCGA-43-6770-01A,LUSC,,,,,,,,
TCGA-90-7964-01A,LUSC,,,,,,,,
TCGA-90-A4EE-01A,LUSC,,,,,,,,
TCGA-85-A4CL-01A,LUSC,,,,,,,,
TCGA-56-6546-01A,LUSC,,,,,,,,
TCGA-85-8664-01A,LUSC,,,,,,,,
TCGA-18-3415-01A,LUSC,,,,,,,,
TCGA-98-A53I-01A,LUSC,,,,,,,,
TCGA-58-8387-01A,LUSC,,,,,,,,
TCGA-21-5784-01A,LUSC,,,,,,,,
TCGA-58-8393-01A,LUSC,,,,,,,,
TCGA-77-8145-01A,LUSC,,,,,,,,
TCGA-85-8584-01A,LUSC,,,,,,,,
TCGA-63-5131-01A,LUSC,,,,,,,,
TCGA-85-8048-01A,LUSC,,,,,,,,
TCGA-98-8022-01A,LUSC,,,,,,,,
TCGA-18-3412-01A,LUSC,,,,,,,,
TCGA-34-2608-01A,LUSC,,,,,,,,
TCGA-66-2765-01A,LUSC,,,,,,,,
TCGA-34-5236-01A,LUSC,,,,,,,,
TCGA-56-A4BY-01A,LUSC,,,,,,,,
TCGA-66-2791-01A,LUSC,,,,,,,,
TCGA-85-A4JB-01A,LUSC,,,,,,,,
TCGA-58-A46J-01A,LUSC,,,,,,,,
TCGA-33-4582-01A,LUSC,,,,,,,,
TCGA-51-6867-01A,LUSC,,,,,,,,
TCGA-77-6844-01A,LUSC,,,,,,,,
TCGA-66-2786-01A,LUSC,,,,,,,,
TCGA-6A-AB49-01A,LUSC,,,,,,,,
TCGA-96-7545-01A,LUSC,,,,,,,,
TCGA-33-AAS8-01A,LUSC,,,,,,,,
TCGA-98-8023-01A,LUSC,,,,,,,,
TCGA-66-2792-01A,LUSC,,,,,,,,
TCGA-22-4605-01A,LUSC,,,,,,,,
TCGA-77-8154-01A,LUSC,,,,,,,,
TCGA-NK-A5CX-01A,LUSC,,,,,,,,
TCGA-94-7033-01A,LUSC,,,,,,,,
TCGA-MF-A522-01A,LUSC,,,,,,,,
TCGA-90-7767-01A,LUSC,,,,,,,,
TCGA-37-3783-01A,LUSC,,,,,,,,
TCGA-39-5022-01A,LUSC,,,,,,,,
TCGA-77-A5GB-01B,LUSC,,,,,,,,
TCGA-43-7658-01A,LUSC,,,,,,,,
TCGA-46-6025-01A,LUSC,,,,,,,,
TCGA-J1-A4AH-01A,LUSC,,,,,,,,
TCGA-43-A56U-01A,LUSC,,,,,,,,
TCGA-68-8250-01A,LUSC,,,,,,,,
TCGA-39-5030-01A,LUSC,,,,,,,,
TCGA-94-7943-01A,LUSC,,,,,,,,
TCGA-85-A4QR-01A,LUSC,,,,,,,,
TCGA-NK-A7XE-01A,LUSC,,,,,,,,
TCGA-NC-A5HQ-01A,LUSC,,,,,,,,
TCGA-68-7755-01A,LUSC,,,,,,,,
TCGA-21-5783-01A,LUSC,,,,,,,,
TCGA-77-8144-01A,LUSC,,,,,,,,
TCGA-56-8628-01A,LUSC,,,,,,,,
TCGA-77-A5G8-01B,LUSC,,,,,,,,
TCGA-98-8021-01A,LUSC,,,,,,,,
TCGA-66-2794-01A,LUSC,,,,,,,,
TCGA-O2-A52S-01A,LUSC,,,,,,,,
TCGA-22-0944-01A,LUSC,,,,,,,,
TCGA-56-A4ZJ-01A,LUSC,,,,,,,,
TCGA-77-A5G3-01A,LUSC,,,,,,,,
TCGA-21-1072-01A,LUSC,,,,,,,,
TCGA-58-8392-01A,LUSC,,,,,,,,
TCGA-98-A53C-01A,LUSC,,,,,,,,
TCGA-56-7222-01A,LUSC,,,,,,,,
TCGA-77-8008-01A,LUSC,,,,,,,,
TCGA-63-7022-01A,LUSC,,,,,,,,
TCGA-77-A5G1-01A,LUSC,,,,,,,,
TCGA-77-8138-01A,LUSC,,,,,,,,
TCGA-34-A5IX-01A,LUSC,,,,,,,,
TCGA-33-AASJ-01A,LUSC,,,,,,,,
TCGA-98-A538-01A,LUSC,,,,,,,,
TCGA-18-5592-01A,LUSC,,,,,,,,
TCGA-77-7140-01A,LUSC,,,,,,,,
TCGA-98-A53J-01A,LUSC,,,,,,,,
TCGA-22-5485-01A,LUSC,,,,,,,,
TCGA-77-7465-01A,LUSC,,,,,,,,
TCGA-66-2758-01A,LUSC,,,,,,,,
TCGA-56-8626-01A,LUSC,,,,,,,,
TCGA-60-2723-01A,LUSC,,,,,,,,
TCGA-18-3416-01A,LUSC,,,,,,,,
TCGA-85-7843-01A,LUSC,,,,,,,,
TCGA-22-5478-01A,LUSC,,,,,,,,
TCGA-85-8052-01A,LUSC,,,,,,,,
TCGA-52-7812-01A,LUSC,,,,,,,,
TCGA-63-A5MR-01A,LUSC,,,,,,,,
TCGA-60-2720-01A,LUSC,,,,,,,,
TCGA-85-6175-01A,LUSC,,,,,,,,
TCGA-60-2708-01A,LUSC,,,,,,,,
TCGA-98-A539-01A,LUSC,,,,,,,,
TCGA-56-7223-01A,LUSC,,,,,,,,
TCGA-66-2790-01A,LUSC,,,,,,,,
TCGA-77-8146-01A,LUSC,,,,,,,,
TCGA-O2-A52Q-01A,LUSC,,,,,,,,
TCGA-46-3766-01A,LUSC,,,,,,,,
TCGA-39-5011-01A,LUSC,,,,,,,,
TCGA-66-2781-01A,LUSC,,,,,,,,
TCGA-85-8666-01A,LUSC,,,,,,,,
TCGA-39-5035-01A,LUSC,,,,,,,,
TCGA-22-5473-01A,LUSC,,,,,,,,
TCGA-60-2722-01A,LUSC,,,,,,,,
TCGA-21-1075-01A,LUSC,,,,,,,,
TCGA-85-8288-01A,LUSC,,,,,,,,
TCGA-56-8503-01A,LUSC,,,,,,,,
TCGA-39-5036-01A,LUSC,,,,,,,,
TCGA-56-8308-01A,LUSC,,,,,,,,
TCGA-22-0940-01A,LUSC,,,,,,,,
TCGA-22-4609-01A,LUSC,,,,,,,,
TCGA-37-5819-01A,LUSC,,,,,,,,
TCGA-85-7696-01A,LUSC,,,,,,,,
TCGA-85-A53L-01A,LUSC,,,,,,,,
TCGA-66-2800-01A,LUSC,,,,,,,,
TCGA-39-5029-01A,LUSC,,,,,,,,
TCGA-21-1083-01A,LUSC,,,,,,,,
TCGA-85-6798-01A,LUSC,,,,,,,,
TCGA-58-A46K-01A,LUSC,,,,,,,,
TCGA-56-8622-01A,LUSC,,,,,,,,
TCGA-46-3767-01A,LUSC,,,,,,,,
TCGA-56-A5DR-01A,LUSC,,,,,,,,
TCGA-77-7139-01A,LUSC,,,,,,,,
TCGA-22-4601-01A,LUSC,,,,,,,,
TCGA-85-A4PA-01A,LUSC,,,,,,,,
TCGA-98-7454-01A,LUSC,,,,,,,,
TCGA-77-7335-01A,LUSC,,,,,,,,
TCGA-98-A53D-01A,LUSC,,,,,,,,
TCGA-56-8625-01A,LUSC,,,,,,,,
TCGA-66-2754-01A,LUSC,,,,,,,,
TCGA-68-A59I-01A,LUSC,,,,,,,,
TCGA-37-A5EN-01A,LUSC,,,,,,,,
TCGA-63-7020-01A,LUSC,,,,,,,,
TCGA-66-2793-01A,LUSC,,,,,,,,
TCGA-22-5480-01A,LUSC,,,,,,,,
TCGA-34-2600-01A,LUSC,,,,,,,,
TCGA-18-3407-01A,LUSC,,,,,,,,
TCGA-37-4133-01A,LUSC,,,,,,,,
TCGA-66-2783-01A,LUSC,,,,,,,,
TCGA-66-2767-01A,LUSC,,,,,,,,
TCGA-85-A510-01A,LUSC,,,,,,,,
TCGA-34-5241-01A,LUSC,,,,,,,,
TCGA-18-3411-01A,LUSC,,,,,,,,
TCGA-77-6843-01A,LUSC,,,,,,,,
TCGA-77-8148-01A,LUSC,,,,,,,,
TCGA-63-A5MH-01A,LUSC,,,,,,,,
TCGA-43-7657-01A,LUSC,,,,,,,,
TCGA-56-8201-01A,LUSC,,,,,,,,
TCGA-39-5037-01A,LUSC,,,,,,,,
TCGA-90-A4ED-01A,LUSC,,,,,,,,
TCGA-66-2771-01A,LUSC,,,,,,,,
TCGA-85-A50M-01A,LUSC,,,,,,,,
TCGA-33-4587-01A,LUSC,,,,,,,,
TCGA-63-7021-01A,LUSC,,,,,,,,
TCGA-18-3410-01A,LUSC,,,,,,,,
TCGA-NC-A5HR-01A,LUSC,,,,,,,,
TCGA-77-8150-01A,LUSC,,,,,,,,
TCGA-66-2759-01A,LUSC,,,,,,,,
TCGA-66-2742-01A,LUSC,,,,,,,,
TCGA-22-5492-01A,LUSC,,,,,,,,
TCGA-63-A5MY-01A,LUSC,,,,,,,,
TCGA-60-2695-01A,LUSC,,,,,,,,
TCGA-85-8355-01A,LUSC,,,,,,,,
TCGA-O2-A52N-01A,LUSC,,,,,,,,
TCGA-NK-A5CR-01A,LUSC,,,,,,,,
TCGA-63-A5MS-01A,LUSC,,,,,,,,
TCGA-98-A53H-01A,LUSC,,,,,,,,
TCGA-58-8390-01A,LUSC,,,,,,,,
TCGA-63-A5MV-01A,LUSC,,,,,,,,
TCGA-85-A5B5-01A,LUSC,,,,,,,,
TCGA-96-A4JL-01A,LUSC,,,,,,,,
TCGA-21-1077-01A,LUSC,,,,,,,,
TCGA-77-8140-01A,LUSC,,,,,,,,
TCGA-43-A474-01A,LUSC,,,,,,,,
TCGA-43-6771-01A,LUSC,,,,,,,,
TCGA-96-7544-01A,LUSC,,,,,,,,
TCGA-37-3792-01A,LUSC,,,,,,,,
TCGA-77-8136-01A,LUSC,,,,,,,,
TCGA-63-A5ML-01A,LUSC,,,,,,,,
TCGA-77-A5GH-01A,LUSC,,,,,,,,
TCGA-66-2727-01A,LUSC,,,,,,,,
TCGA-92-8063-01A,LUSC,,,,,,,,
TCGA-O2-A52V-01A,LUSC,,,,,,,,
TCGA-96-8170-01A,LUSC,,,,,,,,
TCGA-LA-A446-01A,LUSC,,,,,,,,
TCGA-56-8504-01A,LUSC,,,,,,,,
TCGA-51-4081-01A,LUSC,,,,,,,,
TCGA-43-3920-01A,LUSC,,,,,,,,
TCGA-92-8065-01A,LUSC,,,,,,,,
TCGA-52-7811-01A,LUSC,,,,,,,,
TCGA-33-4532-01A,LUSC,,,,,,,,
TCGA-60-2724-01A,LUSC,,,,,,,,
TCGA-43-8116-01A,LUSC,,,,,,,,
TCGA-56-7731-01A,LUSC,,,,,,,,
TCGA-77-A5G7-01B,LUSC,,,,,,,,
TCGA-34-8454-01A,LUSC,,,,,,,,
TCGA-51-4079-01A,LUSC,,,,,,,,
TCGA-63-A5MP-01A,LUSC,,,,,,,,
TCGA-85-8580-01A,LUSC,,,,,,,,
TCGA-68-7757-01B,LUSC,,,,,,,,
TCGA-85-A50Z-01A,LUSC,,,,,,,,
TCGA-52-7622-01A,LUSC,,,,,,,,
TCGA-56-A4BX-01A,LUSC,,,,,,,,
TCGA-34-5232-01A,LUSC,,,,,,,,
TCGA-77-A5GA-01A,LUSC,,,,,,,,
TCGA-33-AASD-01A,LUSC,,,,,,,,
TCGA-56-7730-01A,LUSC,,,,,,,,
TCGA-85-6561-01A,LUSC,,,,,,,,
TCGA-96-A4JK-01A,LUSC,,,,,,,,
TCGA-33-4583-01A,LUSC,,,,,,,,
TCGA-60-2697-01A,LUSC,,,,,,,,
TCGA-60-2721-01A,LUSC,,,,,,,,
TCGA-66-2755-01A,LUSC,,,,,,,,
TCGA-18-4086-01A,LUSC,,,,,,,,
TCGA-98-A53A-01A,LUSC,,,,,,,,
TCGA-22-4604-01A,LUSC,,,,,,,,
TCGA-37-3789-01A,LUSC,,,,,,,,
TCGA-60-2698-01A,LUSC,,,,,,,,
TCGA-85-7710-01A,LUSC,,,,,,,,
TCGA-22-5489-01A,LUSC,,,,,,,,
TCGA-66-2768-01A,LUSC,,,,,,,,
TCGA-NC-A5HG-01A,LUSC,,,,,,,,
TCGA-94-8035-01A,LUSC,,,,,,,,
TCGA-58-A46N-01A,LUSC,,,,,,,,
TCGA-34-8455-01A,LUSC,,,,,,,,
TCGA-77-8130-01A,LUSC,,,,,,,,
TCGA-21-5787-01A,LUSC,,,,,,,,
TCGA-22-A5C4-01A,LUSC,,,,,,,,
TCGA-22-4613-01A,LUSC,,,,,,,,
TCGA-77-8139-01A,LUSC,,,,,,,,
TCGA-94-8490-01A,LUSC,,,,,,,,
TCGA-58-8391-01A,LUSC,,,,,,,,
TCGA-34-2604-01A,LUSC,,,,,,,,
TCGA-63-A5MJ-01A,LUSC,,,,,,,,
TCGA-22-4593-01A,LUSC,,,,,,,,
TCGA-18-3408-01A,LUSC,,,,,,,,
TCGA-CI-6620-01A,READ,,,,,,,,
TCGA-AH-6544-01A,READ,,,,,,,,
TCGA-AG-3896-01A,READ,,,,,,,,
TCGA-DC-6682-01A,READ,,,,,,,,
TCGA-AG-3909-01A,READ,,,,,,,,
TCGA-DC-6158-01A,READ,,,,,,,,
TCGA-AF-3911-01A,READ,,,,,,,,
TCGA-AF-A56L-01A,READ,,,,,,,,
TCGA-AG-A008-01A,READ,,,,,,,,
TCGA-AG-3598-01A,READ,,,,,,,,
TCGA-AG-3742-01A,READ,,,,,,,,
TCGA-AG-3578-01A,READ,,,,,,,,
TCGA-F5-6861-01A,READ,,,,,,,,
TCGA-AF-2690-01A,READ,,,,,,,,
TCGA-AG-4005-01A,READ,,,,,,,,
TCGA-AF-2691-01A,READ,,,,,,,,
TCGA-AG-3574-01A,READ,,,,,,,,
TCGA-DC-6681-01A,READ,,,,,,,,
TCGA-CI-6619-01B,READ,,,,,,,,
TCGA-AH-6897-01A,READ,,,,,,,,
TCGA-EI-6508-01A,READ,,,,,,,,
TCGA-AF-2693-01A,READ,,,,,,,,
TCGA-AG-A036-01A,READ,,,,,,,,
TCGA-AG-3883-01A,READ,,,,,,,,
TCGA-AG-3584-01A,READ,,,,,,,,
TCGA-AG-3602-01A,READ,,,,,,,,
TCGA-AG-3894-01A,READ,,,,,,,,
TCGA-EI-6883-01A,READ,,,,,,,,
TCGA-EI-6885-01A,READ,,,,,,,,
TCGA-AG-3725-01A,READ,,,,,,,,
TCGA-EI-6881-01A,READ,,,,,,,,
TCGA-AG-A026-01A,READ,,,,,,,,
TCGA-F5-6813-01A,READ,,,,,,,,
TCGA-AG-A016-01A,READ,,,,,,,,
TCGA-AG-3608-01A,READ,,,,,,,,
TCGA-AG-A02X-01A,READ,,,,,,,,
TCGA-DY-A1DE-01A,READ,,,,,,,,
TCGA-CL-5917-01A,READ,,,,,,,,
TCGA-AG-3583-01A,READ,,,,,,,,
TCGA-AG-3893-01A,READ,,,,,,,,
TCGA-EI-6882-01A,READ,,,,,,,,
TCGA-AG-3902-01A,READ,,,,,,,,
TCGA-F5-6810-01A,READ,,,,,,,,
TCGA-F5-6465-01A,READ,,,,,,,,
TCGA-AG-3605-01A,READ,,,,,,,,
TCGA-AG-3580-01A,READ,,,,,,,,
TCGA-AG-A020-01A,READ,,,,,,,,
TCGA-AG-3731-01A,READ,,,,,,,,
TCGA-AG-3732-01A,READ,,,,,,,,
TCGA-CI-6623-01B,READ,,,,,,,,
TCGA-BM-6198-01A,READ,,,,,,,,
TCGA-AG-3609-01A,READ,,,,,,,,
TCGA-AG-A01L-01A,READ,,,,,,,,
TCGA-G5-6641-01A,READ,,,,,,,,
TCGA-AG-3898-01A,READ,,,,,,,,
TCGA-AG-3728-01A,READ,,,,,,,,
TCGA-DY-A1DC-01A,READ,,,,,,,,
TCGA-AF-3913-01A,READ,,,,,,,,
TCGA-DC-4749-01A,READ,,,,,,,,
TCGA-AG-3892-01A,READ,,,,,,,,
TCGA-AF-A56K-01A,READ,,,,,,,,
TCGA-AH-6644-01A,READ,,,,,,,,
TCGA-AG-3726-01A,READ,,,,,,,,
TCGA-AF-3400-01A,READ,,,,,,,,
TCGA-AG-3601-01A,READ,,,,,,,,
TCGA-F5-6571-01A,READ,,,,,,,,
TCGA-F5-6702-01A,READ,,,,,,,,
TCGA-AG-3881-01A,READ,,,,,,,,
TCGA-AG-3575-01A,READ,,,,,,,,
TCGA-CI-6621-01A,READ,,,,,,,,
TCGA-AG-4021-01A,READ,,,,,,,,
TCGA-AG-3885-01A,READ,,,,,,,,
TCGA-AF-6672-01A,READ,,,,,,,,
TCGA-AF-6136-01A,READ,,,,,,,,
TCGA-AG-4015-01A,READ,,,,,,,,
TCGA-AG-3882-01A,READ,,,,,,,,
TCGA-CI-6622-01A,READ,,,,,,,,
TCGA-AG-A025-01A,READ,,,,,,,,
TCGA-DC-5869-01A,READ,,,,,,,,
TCGA-EI-6509-01A,READ,,,,,,,,
TCGA-AG-4022-01A,READ,,,,,,,,
TCGA-DC-6156-01A,READ,,,,,,,,
TCGA-G5-6572-01A,READ,,,,,,,,
TCGA-DC-4745-01A,READ,,,,,,,,
TCGA-AF-A56N-01A,READ,,,,,,,,
TCGA-AG-A01W-01A,READ,,,,,,,,
TCGA-F5-6864-01A,READ,,,,,,,,
TCGA-DY-A1DD-01A,READ,,,,,,,,
TCGA-AH-6643-01A,READ,,,,,,,,
TCGA-EI-6507-01A,READ,,,,,,,,
TCGA-AH-6549-01A,READ,,,,,,,,
TCGA-AG-3901-01A,READ,,,,,,,,
TCGA-DC-6155-01A,READ,,,,,,,,
TCGA-AG-3591-01A,READ,,,,,,,,
TCGA-EF-5830-01A,READ,,,,,,,,
TCGA-EI-6917-01A,READ,,,,,,,,
TCGA-AF-2692-01A,READ,,,,,,,,
TCGA-AG-3581-01A,READ,,,,,,,,
TCGA-AF-2687-01A,READ,,,,,,,,
TCGA-AH-6903-01A,READ,,,,,,,,
TCGA-AG-A00C-01A,READ,,,,,,,,
TCGA-F5-6814-01A,READ,,,,,,,,
TCGA-EI-6511-01A,READ,,,,,,,,
TCGA-EI-7002-01A,READ,,,,,,,,
TCGA-DY-A0XA-01A,READ,,,,,,,,
TCGA-AG-A01Y-01A,READ,,,,,,,,
TCGA-AF-6655-01A,READ,,,,,,,,
TCGA-EI-6513-01A,READ,,,,,,,,
TCGA-AH-6547-01A,READ,,,,,,,,
TCGA-AG-A011-01A,READ,,,,,,,,
TCGA-DC-6157-01A,READ,,,,,,,,
TCGA-AG-3890-01A,READ,,,,,,,,
TCGA-EF-5831-01A,READ,,,,,,,,
TCGA-CI-6624-01C,READ,,,,,,,,
TCGA-DY-A1DF-01A,READ,,,,,,,,
TCGA-AG-4008-01A,READ,,,,,,,,
TCGA-F5-6863-01A,READ,,,,,,,,
TCGA-CL-4957-01A,READ,,,,,,,,
TCGA-AG-3887-01A,READ,,,,,,,,
TCGA-AF-2689-01A,READ,,,,,,,,
TCGA-AG-3592-01A,READ,,,,,,,,
TCGA-EI-6510-01A,READ,,,,,,,,
TCGA-AG-3611-01A,READ,,,,,,,,
TCGA-AG-3727-01A,READ,,,,,,,,
TCGA-AG-3587-01A,READ,,,,,,,,
TCGA-DC-6154-01A,READ,,,,,,,,
TCGA-AG-4007-01A,READ,,,,,,,,
TCGA-DC-6683-01A,READ,,,,,,,,
TCGA-DC-6160-01A,READ,,,,,,,,
TCGA-AG-A02G-01A,READ,,,,,,,,
TCGA-G5-6235-01A,READ,,,,,,,,
TCGA-CL-5918-01A,READ,,,,,,,,
TCGA-AG-A01N-01A,READ,,,,,,,,
TCGA-EI-6506-01A,READ,,,,,,,,
TCGA-DY-A1DG-01A,READ,,,,,,,,
TCGA-AG-3593-01A,READ,,,,,,,,
TCGA-AG-3599-01A,READ,,,,,,,,
TCGA-F5-6811-01A,READ,,,,,,,,
TCGA-EI-6512-01A,READ,,,,,,,,
TCGA-F5-6464-01A,READ,,,,,,,,
TCGA-EI-6514-01A,READ,,,,,,,,
TCGA-AG-3612-01A,READ,,,,,,,,
TCGA-G5-6233-01A,READ,,,,,,,,
TCGA-AG-3582-01A,READ,,,,,,,,
TCGA-AG-3878-01A,READ,,,,,,,,
TCGA-DT-5265-01A,READ,,,,,,,,
TCGA-AF-5654-01A,READ,,,,,,,,
TCGA-AG-4001-01A,READ,,,,,,,,
TCGA-AG-A02N-01A,READ,,,,,,,,
TCGA-EI-6884-01A,READ,,,,,,,,
TCGA-F5-6812-01A,READ,,,,,,,,
TCGA-AG-3600-01A,READ,,,,,,,,
TCGA-AG-A015-01A,READ,,,,,,,,
TCGA-DY-A1H8-01A,READ,,,,,,,,
TCGA-EI-7004-01A,READ,,,,,,,,
TCGA-AG-A002-01A,READ,,,,,,,,
TCGA-AG-3594-01A,READ,,,,,,,,
TCGA-AF-4110-01A,READ,,,,,,,,
TCGA-AG-3586-01A,READ,,,,,,,,
TCGA-AG-3999-01A,READ,,,,,,,,
TCGA-DC-5337-01A,READ,,,,,,,,
